Workbook

Sheet Summe_Punkte
A1: Platzierung | B1: Name | C1: Flunkyball | D1: Beerpong | E1: Flipcup | F1: Gesamtpunkte
A2: 1 | B2: Jonas | C2: =SUMIFS(Database!B:B,Database!A:A,B2) + SUMIFS(Database!C:C,Database!A:A,B2) -> 340 | D2: =SUMIFS(Database!B:B,Database!A:A,B2) + SUMIFS(Database!D:D,Database!A:A,B2) -> 380 | E2: =SUMIFS(Database!B:B,Database!A:A,B2) + SUMIFS(Database!E:E,Database!A:A,B2) -> 290 | F2: =SUMIFS(Database!B:B,Database!A:A,B2) + SUMIFS(Database!F:F,Database!A:A,B2) -> 390
A3: 2 | B3: Richard | C3: =SUMIFS(Database!B:B,Database!A:A,B3) + SUMIFS(Database!C:C,Database!A:A,B3) -> 320 | D3: =SUMIFS(Database!B:B,Database!A:A,B3) + SUMIFS(Database!D:D,Database!A:A,B3) -> 380 | E3: =SUMIFS(Database!B:B,Database!A:A,B3) + SUMIFS(Database!E:E,Database!A:A,B3) -> 290 | F3: =SUMIFS(Database!B:B,Database!A:A,B3) + SUMIFS(Database!F:F,Database!A:A,B3) -> 340
A4: 3 | B4: Jannes | C4: =SUMIFS(Database!B:B,Database!A:A,B4) + SUMIFS(Database!C:C,Database!A:A,B4) -> 270 | D4: =SUMIFS(Database!B:B,Database!A:A,B4) + SUMIFS(Database!D:D,Database!A:A,B4) -> 280 | E4: =SUMIFS(Database!B:B,Database!A:A,B4) + SUMIFS(Database!E:E,Database!A:A,B4) -> 230 | F4: =SUMIFS(Database!B:B,Database!A:A,B4) + SUMIFS(Database!F:F,Database!A:A,B4) -> 300
A5: 4 | B5: Hannah | C5: =SUMIFS(Database!B:B,Database!A:A,B5) + SUMIFS(Database!C:C,Database!A:A,B5) -> 240 | D5: =SUMIFS(Database!B:B,Database!A:A,B5) + SUMIFS(Database!D:D,Database!A:A,B5) -> 180 | E5: =SUMIFS(Database!B:B,Database!A:A,B5) + SUMIFS(Database!E:E,Database!A:A,B5) -> 390 | F5: =SUMIFS(Database!B:B,Database!A:A,B5) + SUMIFS(Database!F:F,Database!A:A,B5) -> 270
A6: 5 | B6: Till | C6: =SUMIFS(Database!B:B,Database!A:A,B6) + SUMIFS(Database!C:C,Database!A:A,B6) -> 230 | D6: =SUMIFS(Database!B:B,Database!A:A,B6) + SUMIFS(Database!D:D,Database!A:A,B6) -> 180 | E6: =SUMIFS(Database!B:B,Database!A:A,B6) + SUMIFS(Database!E:E,Database!A:A,B6) -> 240 | F6: =SUMIFS(Database!B:B,Database!A:A,B6) + SUMIFS(Database!F:F,Database!A:A,B6) -> 260
A7: 6 | B7: Georg | C7: =SUMIFS(Database!B:B,Database!A:A,B7) + SUMIFS(Database!C:C,Database!A:A,B7) -> 210 | D7: =SUMIFS(Database!B:B,Database!A:A,B7) + SUMIFS(Database!D:D,Database!A:A,B7) -> 220 | E7: =SUMIFS(Database!B:B,Database!A:A,B7) + SUMIFS(Database!E:E,Database!A:A,B7) -> 220 | F7: =SUMIFS(Database!B:B,Database!A:A,B7) + SUMIFS(Database!F:F,Database!A:A,B7) -> 240
A8: 7 | B8: Elias | C8: =SUMIFS(Database!B:B,Database!A:A,B8) + SUMIFS(Database!C:C,Database!A:A,B8) -> 260 | D8: =SUMIFS(Database!B:B,Database!A:A,B8) + SUMIFS(Database!D:D,Database!A:A,B8) -> 170 | E8: =SUMIFS(Database!B:B,Database!A:A,B8) + SUMIFS(Database!E:E,Database!A:A,B8) -> 190 | F8: =SUMIFS(Database!B:B,Database!A:A,B8) + SUMIFS(Database!F:F,Database!A:A,B8) -> 230
A9: 8 | B9: Roman | C9: =SUMIFS(Database!B:B,Database!A:A,B9) + SUMIFS(Database!C:C,Database!A:A,B9) -> 160 | D9: =SUMIFS(Database!B:B,Database!A:A,B9) + SUMIFS(Database!D:D,Database!A:A,B9) -> 200 | E9: =SUMIFS(Database!B:B,Database!A:A,B9) + SUMIFS(Database!E:E,Database!A:A,B9) -> 230 | F9: =SUMIFS(Database!B:B,Database!A:A,B9) + SUMIFS(Database!F:F,Database!A:A,B9) -> 210
A10: 9 | B10: Carl | C10: =SUMIFS(Database!B:B,Database!A:A,B10) + SUMIFS(Database!C:C,Database!A:A,B10) -> 130 | D10: =SUMIFS(Database!B:B,Database!A:A,B10) + SUMIFS(Database!D:D,Database!A:A,B10) -> 130 | E10: =SUMIFS(Database!B:B,Database!A:A,B10) + SUMIFS(Database!E:E,Database!A:A,B10) -> 150 | F10: =SUMIFS(Database!B:B,Database!A:A,B10) + SUMIFS(Database!F:F,Database!A:A,B10) -> 160
A11: 10 | B11: Siggi | C11: =SUMIFS(Database!B:B,Database!A:A,B11) + SUMIFS(Database!C:C,Database!A:A,B11) -> 160 | D11: =SUMIFS(Database!B:B,Database!A:A,B11) + SUMIFS(Database!D:D,Database!A:A,B11) -> 140 | E11: =SUMIFS(Database!B:B,Database!A:A,B11) + SUMIFS(Database!E:E,Database!A:A,B11) -> 110 | F11: =SUMIFS(Database!B:B,Database!A:A,B11) + SUMIFS(Database!F:F,Database!A:A,B11) -> 160
A12: 11 | B12: Jason | C12: =SUMIFS(Database!B:B,Database!A:A,B12) + SUMIFS(Database!C:C,Database!A:A,B12) -> 80 | D12: =SUMIFS(Database!B:B,Database!A:A,B12) + SUMIFS(Database!D:D,Database!A:A,B12) -> 140 | E12: =SUMIFS(Database!B:B,Database!A:A,B12) + SUMIFS(Database!E:E,Database!A:A,B12) -> 230 | F12: =SUMIFS(Database!B:B,Database!A:A,B12) + SUMIFS(Database!F:F,Database!A:A,B12) -> 150
A13: 12 | B13: Fabian | C13: =SUMIFS(Database!B:B,Database!A:A,B13) + SUMIFS(Database!C:C,Database!A:A,B13) -> 160 | D13: =SUMIFS(Database!B:B,Database!A:A,B13) + SUMIFS(Database!D:D,Database!A:A,B13) -> 90 | E13: =SUMIFS(Database!B:B,Database!A:A,B13) + SUMIFS(Database!E:E,Database!A:A,B13) -> 230 | F13: =SUMIFS(Database!B:B,Database!A:A,B13) + SUMIFS(Database!F:F,Database!A:A,B13) -> 150
... A36: 35 | B36: Charlie | C36: =SUMIFS(Database!B:B,Database!A:A,B36) + SUMIFS(Database!C:C,Database!A:A,B36) -> 10 | D36: =SUMIFS(Database!B:B,Database!A:A,B36) + SUMIFS(Database!D:D,Database!A:A,B36) -> 10 | E36: =SUMIFS(Database!B:B,Database!A:A,B36) + SUMIFS(Database!E:E,Database!A:A,B36) -> 10 | F36: =SUMIFS(Database!B:B,Database!A:A,B36) + SUMIFS(Database!F:F,Database!A:A,B36) -> 10

Sheet Olympiade_1
A1: Platzierung | B1: Name | C1: Flunkyball | D1: Beerpong | E1: Flipcup | F1: Flunkyball-Rank | G1: Beerpong-Rank | H1: Flipcup-Rank | I1: Gesamtpunkte
A2: 1 | B2: Richard | C2: 30 | D2: 30 | E2: 40 | F2: 2 | G2: 2 | H2: 1 | I2: 40
A3: 1 | B3: Anton | C3: 30 | D3: 30 | E3: 40 | F3: 2 | G3: 2 | H3: 1 | I3: 40
A4: 2 | B4: Georg | C4: 40 | D4: 20 | E4: 30 | F4: 1 | G4: 3 | H4: 2 | I4: 30
A5: 2 | B5: Elias | C5: 40 | D5: 20 | E5: 30 | F5: 1 | G5: 3 | H5: 2 | I5: 30
A6: 3 | B6: Jonas | C6: 10 | D6: 40 | E6: 10 | F6: 4 | G6: 1 | H6: 4 | I6: 20
A7: 3 | B7: Lorenz | C7: 10 | D7: 40 | E7: 10 | F7: 4 | G7: 1 | H7: 4 | I7: 20
A8: 4 | B8: Mo | C8: 20 | D8: 10 | E8: 20 | F8: 3 | G8: 4 | H8: 3 | I8: 10
A9: 4 | B9: Bruno | C9: 20 | D9: 10 | E9: 20 | F9: 3 | G9: 4 | H9: 3 | I9: 10

Sheet Olympiade_2
A1: Platzierung | B1: Name | C1: Flunkyball | D1: Beerpong | E1: Flipcup | F1: Flunkyball-Rank | G1: Beerpong-Rank | H1: Flipcup-Rank | I1: Gesamtpunkte
A2: 1 | B2: Jannes | C2: 40 | D2: 40 | E2: 30 | F2: 1 | G2: 1 | H2: 2 | I2: 50
A3: 1 | B3: Georg | C3: 40 | D3: 40 | E3: 30 | F3: 1 | G3: 1 | H3: 2 | I3: 50
A4: 2 | B4: Richard | C4: 40 | D4: 40 | E4: 30 | F4: 1 | G4: 1 | H4: 2 | I4: 40
A5: 2 | B5: Matthias | C5: 40 | D5: 40 | E5: 30 | F5: 1 | G5: 1 | H5: 2 | I5: 40
A6: 3 | B6: Doro | C6: 30 | D6: 30 | E6: 20 | F6: 3 | G6: 3 | H6: 3 | I6: 30
A7: 3 | B7: Basti | C7: 30 | D7: 30 | E7: 20 | F7: 3 | G7: 3 | H7: 3 | I7: 30
A8: 3 | B8: Melli | C8: 30 | D8: 30 | E8: 20 | F8: 3 | G8: 3 | H8: 3 | I8: 30
A9: 4 | B9: Jonas | C9: 20 | D9: 20 | E9: 10 | F9: 4 | G9: 4 | H9: 4 | I9: 20
A10: 4 | B10: Robin | C10: 20 | D10: 20 | E10: 10 | F10: 4 | G10: 4 | H10: 4 | I10: 20
A11: 5 | B11: Fabian | C11: 10 | D11: 10 | E11: 40 | F11: 5 | G11: 5 | H11: 1 | I11: 10
A12: 5 | B12: Hannah | C12: 10 | D12: 10 | E12: 40 | F12: 5 | G12: 5 | H12: 1 | I12: 10

Sheet Olympiade_3
A1: Platzierung | B1: Name | C1: Flunkyball | D1: Beerpong | E1: Flipcup | F1: Flunkyball-Rank | G1: Beerpong-Rank | H1: Flipcup-Rank | I1: Gesamtpunkte
A2: 1 | B2: Richard | C2: 20 | D2: 30 | E2: 50 | F2: 4 | G2: 3 | H2: 1 | I2: 50
A3: 1 | B3: Hannah | C3: 20 | D3: 30 | E3: 50 | F3: 4 | G3: 3 | H3: 1 | I3: 50
A4: 2 | B4: Lorenz | C4: 30 | D4: 50 | E4: 20 | F4: 3 | G4: 1 | H4: 4 | I4: 40
A5: 2 | B5: Roman | C5: 30 | D5: 50 | E5: 20 | F5: 3 | G5: 1 | H5: 4 | I5: 40
A6: 3 | B6: Robin | C6: 40 | D6: 10 | E6: 40 | F6: 2 | G6: 5 | H6: 2 | I6: 30
A7: 3 | B7: Jonas | C7: 40 | D7: 10 | E7: 40 | F7: 2 | G7: 5 | H7: 2 | I7: 30
A8: 4 | B8: Bruno | C8: 50 | D8: 20 | E8: 10 | F8: 1 | G8: 4 | H8: 5 | I8: 20
A9: 4 | B9: Georg | C9: 50 | D9: 20 | E9: 10 | F9: 1 | G9: 4 | H9: 5 | I9: 20
A10: 5 | B10: Anton | C10: 10 | D10: 40 | E10: 30 | F10: 5 | G10: 2 | H10: 3 | I10: 10
A11: 5 | B11: Melli | C11: 10 | D11: 40 | E11: 30 | F11: 5 | G11: 2 | H11: 3 | I11: 10

Sheet Olympiade_4
A1: Platzierung | B1: Name | C1: Flunkyball | D1: Beerpong | E1: Flipcup | F1: Flunkyball-Rank | G1: Beerpong-Rank | H1: Flipcup-Rank | I1: Gesamtpunkte
A2: 1 | B2: Richard | C2: 50 | D2: 40 | E2: 20 | F2: 1 | G2: 2 | H2: 4 | I2: 50
A3: 1 | B3: Till | C3: 50 | D3: 40 | E3: 20 | F3: 1 | G3: 2 | H3: 4 | I3: 50
A4: 2 | B4: Matthias | C4: 40 | D4: 50 | E4: 10 | F4: 2 | G4: 1 | H4: 5 | I4: 40
A5: 2 | B5: Jannes | C5: 40 | D5: 50 | E5: 10 | F5: 2 | G5: 1 | H5: 5 | I5: 40
A6: 2 | B6: Jonas | C6: 20 | D6: 30 | E6: 50 | F6: 4 | G6: 3 | H6: 1 | I6: 40
A7: 2 | B7: Fabian | C7: 20 | D7: 30 | E7: 50 | F7: 4 | G7: 3 | H7: 1 | I7: 40
A8: 4 | B8: Basti | C8: 30 | D8: 10 | E8: 40 | F8: 3 | G8: 5 | H8: 2 | I8: 20
A9: 4 | B9: Hannah | C9: 30 | D9: 10 | E9: 40 | F9: 3 | G9: 5 | H9: 2 | I9: 20
A10: 5 | B10: Robin | C10: 10 | D10: 20 | E10: 30 | F10: 5 | G10: 4 | H10: 3 | I10: 10
A11: 5 | B11: Oskar | C11: 10 | D11: 20 | E11: 30 | F11: 5 | G11: 4 | H11: 3 | I11: 10

Sheet Olympiade_5
A1: Platzierung | B1: Name | C1: Flunkyball | D1: Beerpong | E1: Flipcup | F1: Flunkyball-Rank | G1: Beerpong-Rank | H1: Flipcup-Rank | I1: Gesamtpunkte
A2: 1 | B2: Georg | C2: 50 | D2: 70 | E2: 80 | F2: 4 | G2: 2 | H2: 1 | I2: 80
A3: 1 | B3: Hannah | C3: 50 | D3: 70 | E3: 80 | F3: 4 | G3: 2 | H3: 1 | I3: 80
A4: 2 | B4: Jonas | C4: 80 | D4: 80 | E4: 20 | F4: 1 | G4: 1 | H4: 7 | I4: 70
A5: 2 | B5: Bruno | C5: 80 | D5: 80 | E5: 20 | F5: 1 | G5: 1 | H5: 7 | I5: 70
A6: 2 | B6: Till | C6: 70 | D6: 50 | E6: 60 | F6: 2 | G6: 4 | H6: 3 | I6: 70
A7: 2 | B7: Anna | C7: 70 | D7: 50 | E7: 60 | F7: 2 | G7: 4 | H7: 3 | I7: 70
A8: 4 | B8: Lina | C8: 60 | D8: 60 | E8: 50 | F8: 3 | G8: 3 | H8: 4 | I8: 50
A9: 4 | B9: Jochen | C9: 60 | D9: 60 | E9: 50 | F9: 3 | G9: 3 | H9: 4 | I9: 50
A10: 5 | B10: Elias | C10: 40 | D10: 20 | E10: 70 | F10: 5 | G10: 7 | H10: 2 | I10: 40
A11: 5 | B11: Amelie | C11: 40 | D11: 20 | E11: 70 | F11: 5 | G11: 7 | H11: 2 | I11: 40
A12: 6 | B12: Jannes | C12: 30 | D12: 30 | E12: 40 | F12: 6 | G12: 6 | H12: 5 | I12: 30
A13: 6 | B13: Roman | C13: 30 | D13: 30 | E13: 40 | F13: 6 | G13: 6 | H13: 5 | I13: 30
... A17: 8 | B17: Charlie | C17: 10 | D17: 10 | E17: 10 | F17: 8 | G17: 8 | H17: 8 | I17: 10

Sheet Olympiade_6
A1: Platzierung | B1: Name | C1: Flunkyball | D1: Beerpong | E1: Flipcup | F1: Flunkyball-Rank | G1: Beerpong-Rank | H1: Flipcup-Rank | I1: Gesamtpunkte
A2: 1 | B2: Till | C2: 90 | D2: 50 | E2: 80 | F2: 1 | G2: 5 | H2: 2 | I2: 90
A3: 1 | B3: Elias | C3: 90 | D3: 50 | E3: 80 | F3: 1 | G3: 5 | H3: 2 | I3: 90
A4: 2 | B4: Jannes | C4: 60 | D4: 90 | E4: 40 | F4: 4 | G4: 1 | H4: 6 | I4: 80
A5: 2 | B5: Marc | C5: 60 | D5: 90 | E5: 40 | F5: 4 | G5: 1 | H5: 6 | I5: 80
A6: 3 | B6: Hannah | C6: 70 | D6: 40 | E6: 70 | F6: 3 | G6: 6 | H6: 3 | I6: 70
A7: 3 | B7: Carl | C7: 70 | D7: 40 | E7: 70 | F7: 3 | G7: 6 | H7: 3 | I7: 70
A8: 4 | B8: Jonas | C8: 20 | D8: 80 | E8: 60 | F8: 8 | G8: 2 | H8: 4 | I8: 60
A9: 4 | B9: Doro | C9: 20 | D9: 80 | E9: 60 | F9: 8 | G9: 2 | H9: 4 | I9: 60
A10: 5 | B10: Roman | C10: 40 | D10: 30 | E10: 90 | F10: 6 | G10: 7 | H10: 1 | I10: 50
A11: 5 | B11: Jason | C11: 40 | D11: 30 | E11: 90 | F11: 6 | G11: 7 | H11: 1 | I11: 50
A12: 6 | B12: Richard | C12: 50 | D12: 70 | E12: 30 | F12: 5 | G12: 3 | H12: 7 | I12: 40
A13: 6 | B13: Robin | C13: 50 | D13: 70 | E13: 30 | F13: 5 | G13: 3 | H13: 7 | I13: 40
... A19: 9 | B19: Artur | C19: 10 | D19: 20 | E19: 20 | F19: 9 | G19: 8 | H19: 8 | I19: 10

Sheet Olympiade_7
A1: Platzierung | B1: Name | C1: Flunkyball | D1: Beerpong | E1: Flipcup | F1: Flunkyball-Rank | G1: Beerpong-Rank | H1: Flipcup-Rank | I1: Gesamtpunkte
A2: 1 | B2: Siggi | C2: 80 | D2: 80 | E2: 60 | F2: 1 | G2: 1 | H2: 3 | I2: 80
A3: 1 | B3: Richard | C3: 80 | D3: 80 | E3: 60 | F3: 1 | G3: 1 | H3: 3 | I3: 80
A4: 2 | B4: Theo | C4: 70 | D4: 60 | E4: 50 | F4: 2 | G4: 3 | H4: 4 | I4: 70
A5: 2 | B5: Jonas | C5: 70 | D5: 60 | E5: 50 | F5: 2 | G5: 3 | H5: 4 | I5: 70
A6: 3 | B6: Melli | C6: 30 | D6: 70 | E6: 70 | F6: 6 | G6: 2 | H6: 2 | I6: 60
A7: 3 | B7: Georg | C7: 30 | D7: 70 | E7: 70 | F7: 6 | G7: 2 | H7: 2 | I7: 60
A8: 4 | B8: Jason | C8: 20 | D8: 40 | E8: 80 | F8: 7 | G8: 5 | H8: 1 | I8: 50
A9: 4 | B9: Till | C9: 20 | D9: 40 | E9: 80 | F9: 7 | G9: 5 | H9: 1 | I9: 50
A10: 5 | B10: Bruno | C10: 60 | D10: 20 | E10: 30 | F10: 3 | G10: 7 | H10: 6 | I10: 40
A11: 5 | B11: Oskar | C11: 60 | D11: 20 | E11: 30 | F11: 3 | G11: 7 | H11: 6 | I11: 40
A12: 6 | B12: Jannes | C12: 50 | D12: 30 | E12: 20 | F12: 4 | G12: 6 | H12: 7 | I12: 30
A13: 6 | B13: Marc | C13: 50 | D13: 30 | E13: 20 | F13: 4 | G13: 6 | H13: 7 | I13: 30
... A17: 8 | B17: Amelie | C17: 10 | D17: 10 | E17: 40 | F17: 8 | G17: 8 | H17: 5 | I17: 10

Sheet Olympiade_8
A1: Platzierung | B1: Name | C1: Flunkyball | D1: Beerpong | E1: Flipcup | F1: Flunkyball-Rank | G1: Beerpong-Rank | H1: Flipcup-Rank | I1: Gesamtpunkte
A2: 1 | B2: Roman | C2: 60 | D2: 90 | E2: 80 | F2: 4 | G2: 1 | H2: 2 | I2: 90
A3: 1 | B3: Carl | C3: 60 | D3: 90 | E3: 80 | F3: 4 | G3: 1 | H3: 2 | I3: 90
A4: 2 | B4: Siggi | C4: 80 | D4: 60 | E4: 50 | F4: 2 | G4: 4 | H4: 5 | I4: 80
A5: 2 | B5: Jonas | C5: 80 | D5: 60 | E5: 50 | F5: 2 | G5: 4 | H5: 5 | I5: 80
A6: 3 | B6: Elias | C6: 90 | D6: 80 | E6: 10 | F6: 1 | G6: 2 | H6: 9 | I6: 70
A7: 3 | B7: Mo | C7: 90 | D7: 80 | E7: 10 | F7: 1 | G7: 2 | H7: 9 | I7: 70
A8: 3 | B8: Jannes | C8: 50 | D8: 40 | E8: 90 | F8: 5 | G8: 6 | H8: 1 | I8: 70
A9: 3 | B9: Fabian | C9: 50 | D9: 40 | E9: 90 | F9: 5 | G9: 6 | H9: 1 | I9: 70
A10: 5 | B10: Luisa | C10: 20 | D10: 70 | E10: 60 | F10: 8 | G10: 3 | H10: 4 | I10: 50
A11: 5 | B11: Jason | C11: 20 | D11: 70 | E11: 60 | F11: 8 | G11: 3 | H11: 4 | I11: 50
A12: 6 | B12: Tim | C12: 70 | D12: 20 | E12: 40 | F12: 3 | G12: 8 | H12: 6 | I12: 40
A13: 6 | B13: Oskar | C13: 70 | D13: 20 | E13: 40 | F13: 3 | G13: 8 | H13: 6 | I13: 40
... A19: 9 | B19: Lorenz | C19: 10 | D19: 30 | E19: 20 | F19: 9 | G19: 7 | H19: 8 | I19: 10

Sheet Durchschnitt
D2: Spieleranzahl | G2: 4 | H2: 5 | I2: 5 | J2: 5 | K2: 8 | L2: 9 | M2: 8 | N2: 9
B3: Gesamtplatzierung | C3: Durchschnittsplatzierung | D3: Name | E3: Teilgenommen | F3: Durchschnittswert | G3: 1 | H3: 2 | I3: 3 | J3: 4 | K3: 5 | L3: 6 | M3: 7 | N3: 8
B4: 1 | C4: =IF(ISNUMBER(Durchschnitt!$F4)=TRUE(),_xlfn.RANK.EQ(Durchschnitt!$F4,Durchschnitt!$F$4:$F$36,0),"") -> 2 | D4: Richard | E4: =COUNT(G4:M4) -> 7 | F4: =IF(Durchschnitt!$E4>=3,AVERAGE(G4:M4),"") -> 0.75255102 | G4: =IF('Platzierungen alle Olympiaden'!$E4=0,"",(G$2-'Platzierungen alle Olympiaden'!$E4)/(G$2-1)) -> 1 | H4: =IF('Platzierungen alle Olympiaden'!$F4=0,"",(H$2-'Platzierungen alle Olympiaden'!$F4)/(H$2-1)) -> 0.75 | I4: =IF('Platzierungen alle Olympiaden'!$G4=0,"",(I$2-'Platzierungen alle Olympiaden'!$G4)/(I$2-1)) -> 1 | J4: =IF('Platzierungen alle Olympiaden'!$H4=0,"",(J$2-'Platzierungen alle Olympiaden'!$H4)/(J$2-1)) -> 1 | K4: =IF('Platzierungen alle Olympiaden'!$I4=0,"",(K$2-'Platzierungen alle Olympiaden'!$I4)/(K$2-1)) -> 0.14285714 | L4: =IF('Platzierungen alle Olympiaden'!$J4=0,"",(L$2-'Platzierungen alle Olympiaden'!$J4)/(L$2-1)) -> 0.375 | M4: =IF('Platzierungen alle Olympiaden'!$K4=0,"",(M$2-'Platzierungen alle Olympiaden'!$K4)/(M$2-1)) -> 1
B5: 2 | C5: =IF(ISNUMBER(Durchschnitt!$F5)=TRUE(),_xlfn.RANK.EQ(Durchschnitt!$F5,Durchschnitt!$F$4:$F$36,0),"") -> 6 | D5: Jonas | E5: =COUNT(G5:M5) -> 7 | F5: =IF(Durchschnitt!$E5>=3,AVERAGE(G5:M5),"") -> 0.59608844 | G5: =IF('Platzierungen alle Olympiaden'!$E5=0,"",(G$2-'Platzierungen alle Olympiaden'!$E5)/(G$2-1)) -> 0.33333333 | H5: =IF('Platzierungen alle Olympiaden'!$F5=0,"",(H$2-'Platzierungen alle Olympiaden'!$F5)/(H$2-1)) -> 0.25 | I5: =IF('Platzierungen alle Olympiaden'!$G5=0,"",(I$2-'Platzierungen alle Olympiaden'!$G5)/(I$2-1)) -> 0.5 | J5: =IF('Platzierungen alle Olympiaden'!$H5=0,"",(J$2-'Platzierungen alle Olympiaden'!$H5)/(J$2-1)) -> 0.75 | K5: =IF('Platzierungen alle Olympiaden'!$I5=0,"",(K$2-'Platzierungen alle Olympiaden'!$I5)/(K$2-1)) -> 0.85714286 | L5: =IF('Platzierungen alle Olympiaden'!$J5=0,"",(L$2-'Platzierungen alle Olympiaden'!$J5)/(L$2-1)) -> 0.625 | M5: =IF('Platzierungen alle Olympiaden'!$K5=0,"",(M$2-'Platzierungen alle Olympiaden'!$K5)/(M$2-1)) -> 0.85714286
B6: 3 | C6: =IF(ISNUMBER(Durchschnitt!$F6)=TRUE(),_xlfn.RANK.EQ(Durchschnitt!$F6,Durchschnitt!$F$4:$F$36,0),"") -> 1 | D6: Till | E6: =COUNT(G6:M6) -> 4 | F6: =IF(Durchschnitt!$E6>=3,AVERAGE(G6:M6),"") -> 0.85714286 | G6: =IF('Platzierungen alle Olympiaden'!$E6=0,"",(G$2-'Platzierungen alle Olympiaden'!$E6)/(G$2-1)) | H6: =IF('Platzierungen alle Olympiaden'!$F6=0,"",(H$2-'Platzierungen alle Olympiaden'!$F6)/(H$2-1)) | I6: =IF('Platzierungen alle Olympiaden'!$G6=0,"",(I$2-'Platzierungen alle Olympiaden'!$G6)/(I$2-1)) | J6: =IF('Platzierungen alle Olympiaden'!$H6=0,"",(J$2-'Platzierungen alle Olympiaden'!$H6)/(J$2-1)) -> 1 | K6: =IF('Platzierungen alle Olympiaden'!$I6=0,"",(K$2-'Platzierungen alle Olympiaden'!$I6)/(K$2-1)) -> 0.85714286 | L6: =IF('Platzierungen alle Olympiaden'!$J6=0,"",(L$2-'Platzierungen alle Olympiaden'!$J6)/(L$2-1)) -> 1 | M6: =IF('Platzierungen alle Olympiaden'!$K6=0,"",(M$2-'Platzierungen alle Olympiaden'!$K6)/(M$2-1)) -> 0.57142857
B7: 4 | C7: =IF(ISNUMBER(Durchschnitt!$F7)=TRUE(),_xlfn.RANK.EQ(Durchschnitt!$F7,Durchschnitt!$F$4:$F$36,0),"") -> 3 | D7: Georg | E7: =COUNT(G7:M7) -> 5 | F7: =IF(Durchschnitt!$E7>=3,AVERAGE(G7:M7),"") -> 0.72619048 | G7: =IF('Platzierungen alle Olympiaden'!$E7=0,"",(G$2-'Platzierungen alle Olympiaden'!$E7)/(G$2-1)) -> 0.66666667 | H7: =IF('Platzierungen alle Olympiaden'!$F7=0,"",(H$2-'Platzierungen alle Olympiaden'!$F7)/(H$2-1)) -> 1 | I7: =IF('Platzierungen alle Olympiaden'!$G7=0,"",(I$2-'Platzierungen alle Olympiaden'!$G7)/(I$2-1)) -> 0.25 | J7: =IF('Platzierungen alle Olympiaden'!$H7=0,"",(J$2-'Platzierungen alle Olympiaden'!$H7)/(J$2-1)) | K7: =IF('Platzierungen alle Olympiaden'!$I7=0,"",(K$2-'Platzierungen alle Olympiaden'!$I7)/(K$2-1)) -> 1 | L7: =IF('Platzierungen alle Olympiaden'!$J7=0,"",(L$2-'Platzierungen alle Olympiaden'!$J7)/(L$2-1)) | M7: =IF('Platzierungen alle Olympiaden'!$K7=0,"",(M$2-'Platzierungen alle Olympiaden'!$K7)/(M$2-1)) -> 0.71428571
B8: 5 | C8: =IF(ISNUMBER(Durchschnitt!$F8)=TRUE(),_xlfn.RANK.EQ(Durchschnitt!$F8,Durchschnitt!$F$4:$F$36,0),"") -> 8 | D8: Hannah | E8: =COUNT(G8:M8) -> 6 | F8: =IF(Durchschnitt!$E8>=3,AVERAGE(G8:M8),"") -> 0.5 | G8: =IF('Platzierungen alle Olympiaden'!$E8=0,"",(G$2-'Platzierungen alle Olympiaden'!$E8)/(G$2-1)) | H8: =IF('Platzierungen alle Olympiaden'!$F8=0,"",(H$2-'Platzierungen alle Olympiaden'!$F8)/(H$2-1)) -> 0 | I8: =IF('Platzierungen alle Olympiaden'!$G8=0,"",(I$2-'Platzierungen alle Olympiaden'!$G8)/(I$2-1)) -> 1 | J8: =IF('Platzierungen alle Olympiaden'!$H8=0,"",(J$2-'Platzierungen alle Olympiaden'!$H8)/(J$2-1)) -> 0.25 | K8: =IF('Platzierungen alle Olympiaden'!$I8=0,"",(K$2-'Platzierungen alle Olympiaden'!$I8)/(K$2-1)) -> 1 | L8: =IF('Platzierungen alle Olympiaden'!$J8=0,"",(L$2-'Platzierungen alle Olympiaden'!$J8)/(L$2-1)) -> 0.75 | M8: =IF('Platzierungen alle Olympiaden'!$K8=0,"",(M$2-'Platzierungen alle Olympiaden'!$K8)/(M$2-1)) -> 0
B9: 6 | C9: =IF(ISNUMBER(Durchschnitt!$F9)=TRUE(),_xlfn.RANK.EQ(Durchschnitt!$F9,Durchschnitt!$F$4:$F$36,0),"") -> 5 | D9: Jannes | E9: =COUNT(G9:M9) -> 5 | F9: =IF(Durchschnitt!$E9>=3,AVERAGE(G9:M9),"") -> 0.63928571 | G9: =IF('Platzierungen alle Olympiaden'!$E9=0,"",(G$2-'Platzierungen alle Olympiaden'!$E9)/(G$2-1)) | H9: =IF('Platzierungen alle Olympiaden'!$F9=0,"",(H$2-'Platzierungen alle Olympiaden'!$F9)/(H$2-1)) -> 1 | I9: =IF('Platzierungen alle Olympiaden'!$G9=0,"",(I$2-'Platzierungen alle Olympiaden'!$G9)/(I$2-1)) | J9: =IF('Platzierungen alle Olympiaden'!$H9=0,"",(J$2-'Platzierungen alle Olympiaden'!$H9)/(J$2-1)) -> 0.75 | K9: =IF('Platzierungen alle Olympiaden'!$I9=0,"",(K$2-'Platzierungen alle Olympiaden'!$I9)/(K$2-1)) -> 0.28571429 | L9: =IF('Platzierungen alle Olympiaden'!$J9=0,"",(L$2-'Platzierungen alle Olympiaden'!$J9)/(L$2-1)) -> 0.875 | M9: =IF('Platzierungen alle Olympiaden'!$K9=0,"",(M$2-'Platzierungen alle Olympiaden'!$K9)/(M$2-1)) -> 0.28571429
B10: 7 | C10: =IF(ISNUMBER(Durchschnitt!$F10)=TRUE(),_xlfn.RANK.EQ(Durchschnitt!$F10,Durchschnitt!$F$4:$F$36,0),"") -> 4 | D10: Elias | E10: =COUNT(G10:M10) -> 3 | F10: =IF(Durchschnitt!$E10>=3,AVERAGE(G10:M10),"") -> 0.6984127 | G10: =IF('Platzierungen alle Olympiaden'!$E10=0,"",(G$2-'Platzierungen alle Olympiaden'!$E10)/(G$2-1)) -> 0.66666667 | H10: =IF('Platzierungen alle Olympiaden'!$F10=0,"",(H$2-'Platzierungen alle Olympiaden'!$F10)/(H$2-1)) | I10: =IF('Platzierungen alle Olympiaden'!$G10=0,"",(I$2-'Platzierungen alle Olympiaden'!$G10)/(I$2-1)) | J10: =IF('Platzierungen alle Olympiaden'!$H10=0,"",(J$2-'Platzierungen alle Olympiaden'!$H10)/(J$2-1)) | K10: =IF('Platzierungen alle Olympiaden'!$I10=0,"",(K$2-'Platzierungen alle Olympiaden'!$I10)/(K$2-1)) -> 0.42857143 | L10: =IF('Platzierungen alle Olympiaden'!$J10=0,"",(L$2-'Platzierungen alle Olympiaden'!$J10)/(L$2-1)) -> 1 | M10: =IF('Platzierungen alle Olympiaden'!$K10=0,"",(M$2-'Platzierungen alle Olympiaden'!$K10)/(M$2-1))
B11: 8 | C11: =IF(ISNUMBER(Durchschnitt!$F11)=TRUE(),_xlfn.RANK.EQ(Durchschnitt!$F11,Durchschnitt!$F$4:$F$36,0),"") -> 10 | D11: Bruno | E11: =COUNT(G11:M11) -> 4 | F11: =IF(Durchschnitt!$E11>=3,AVERAGE(G11:M11),"") -> 0.38392857 | G11: =IF('Platzierungen alle Olympiaden'!$E11=0,"",(G$2-'Platzierungen alle Olympiaden'!$E11)/(G$2-1)) -> 0 | H11: =IF('Platzierungen alle Olympiaden'!$F11=0,"",(H$2-'Platzierungen alle Olympiaden'!$F11)/(H$2-1)) | I11: =IF('Platzierungen alle Olympiaden'!$G11=0,"",(I$2-'Platzierungen alle Olympiaden'!$G11)/(I$2-1)) -> 0.25 | J11: =IF('Platzierungen alle Olympiaden'!$H11=0,"",(J$2-'Platzierungen alle Olympiaden'!$H11)/(J$2-1)) | K11: =IF('Platzierungen alle Olympiaden'!$I11=0,"",(K$2-'Platzierungen alle Olympiaden'!$I11)/(K$2-1)) -> 0.85714286 | L11: =IF('Platzierungen alle Olympiaden'!$J11=0,"",(L$2-'Platzierungen alle Olympiaden'!$J11)/(L$2-1)) | M11: =IF('Platzierungen alle Olympiaden'!$K11=0,"",(M$2-'Platzierungen alle Olympiaden'!$K11)/(M$2-1)) -> 0.42857143
B12: 9 | C12: =IF(ISNUMBER(Durchschnitt!$F12)=TRUE(),_xlfn.RANK.EQ(Durchschnitt!$F12,Durchschnitt!$F$4:$F$36,0),"") -> 12 | D12: Melli | E12: =COUNT(G12:M12) -> 4 | F12: =IF(Durchschnitt!$E12>=3,AVERAGE(G12:M12),"") -> 0.33928571 | G12: =IF('Platzierungen alle Olympiaden'!$E12=0,"",(G$2-'Platzierungen alle Olympiaden'!$E12)/(G$2-1)) | H12: =IF('Platzierungen alle Olympiaden'!$F12=0,"",(H$2-'Platzierungen alle Olympiaden'!$F12)/(H$2-1)) -> 0.5 | I12: =IF('Platzierungen alle Olympiaden'!$G12=0,"",(I$2-'Platzierungen alle Olympiaden'!$G12)/(I$2-1)) -> 0 | J12: =IF('Platzierungen alle Olympiaden'!$H12=0,"",(J$2-'Platzierungen alle Olympiaden'!$H12)/(J$2-1)) | K12: =IF('Platzierungen alle Olympiaden'!$I12=0,"",(K$2-'Platzierungen alle Olympiaden'!$I12)/(K$2-1)) -> 0.14285714 | L12: =IF('Platzierungen alle Olympiaden'!$J12=0,"",(L$2-'Platzierungen alle Olympiaden'!$J12)/(L$2-1)) | M12: =IF('Platzierungen alle Olympiaden'!$K12=0,"",(M$2-'Platzierungen alle Olympiaden'!$K12)/(M$2-1)) -> 0.71428571
B13: 10 | C13: =IF(ISNUMBER(Durchschnitt!$F13)=TRUE(),_xlfn.RANK.EQ(Durchschnitt!$F13,Durchschnitt!$F$4:$F$36,0),"") -> 7 | D13: Roman | E13: =COUNT(G13:M13) -> 3 | F13: =IF(Durchschnitt!$E13>=3,AVERAGE(G13:M13),"") -> 0.51190476 | G13: =IF('Platzierungen alle Olympiaden'!$E13=0,"",(G$2-'Platzierungen alle Olympiaden'!$E13)/(G$2-1)) | H13: =IF('Platzierungen alle Olympiaden'!$F13=0,"",(H$2-'Platzierungen alle Olympiaden'!$F13)/(H$2-1)) | I13: =IF('Platzierungen alle Olympiaden'!$G13=0,"",(I$2-'Platzierungen alle Olympiaden'!$G13)/(I$2-1)) -> 0.75 | J13: =IF('Platzierungen alle Olympiaden'!$H13=0,"",(J$2-'Platzierungen alle Olympiaden'!$H13)/(J$2-1)) | K13: =IF('Platzierungen alle Olympiaden'!$I13=0,"",(K$2-'Platzierungen alle Olympiaden'!$I13)/(K$2-1)) -> 0.28571429 | L13: =IF('Platzierungen alle Olympiaden'!$J13=0,"",(L$2-'Platzierungen alle Olympiaden'!$J13)/(L$2-1)) -> 0.5 | M13: =IF('Platzierungen alle Olympiaden'!$K13=0,"",(M$2-'Platzierungen alle Olympiaden'!$K13)/(M$2-1))
B14: 11 | C14: =IF(ISNUMBER(Durchschnitt!$F14)=TRUE(),_xlfn.RANK.EQ(Durchschnitt!$F14,Durchschnitt!$F$4:$F$36,0),"") -> 15 | D14: Robin | E14: =COUNT(G14:M14) -> 5 | F14: =IF(Durchschnitt!$E14>=3,AVERAGE(G14:M14),"") -> 0.225 | G14: =IF('Platzierungen alle Olympiaden'!$E14=0,"",(G$2-'Platzierungen alle Olympiaden'!$E14)/(G$2-1)) | H14: =IF('Platzierungen alle Olympiaden'!$F14=0,"",(H$2-'Platzierungen alle Olympiaden'!$F14)/(H$2-1)) -> 0.25 | I14: =IF('Platzierungen alle Olympiaden'!$G14=0,"",(I$2-'Platzierungen alle Olympiaden'!$G14)/(I$2-1)) -> 0.5 | J14: =IF('Platzierungen alle Olympiaden'!$H14=0,"",(J$2-'Platzierungen alle Olympiaden'!$H14)/(J$2-1)) -> 0 | K14: =IF('Platzierungen alle Olympiaden'!$I14=0,"",(K$2-'Platzierungen alle Olympiaden'!$I14)/(K$2-1)) -> 0 | L14: =IF('Platzierungen alle Olympiaden'!$J14=0,"",(L$2-'Platzierungen alle Olympiaden'!$J14)/(L$2-1)) -> 0.375 | M14: =IF('Platzierungen alle Olympiaden'!$K14=0,"",(M$2-'Platzierungen alle Olympiaden'!$K14)/(M$2-1))
B15: 12 | C15: =IF(ISNUMBER(Durchschnitt!$F15)=TRUE(),_xlfn.RANK.EQ(Durchschnitt!$F15,Durchschnitt!$F$4:$F$36,0),"") | D15: Marc | E15: =COUNT(G15:M15) -> 2 | F15: =IF(Durchschnitt!$E15>=3,AVERAGE(G15:M15),"") | G15: =IF('Platzierungen alle Olympiaden'!$E15=0,"",(G$2-'Platzierungen alle Olympiaden'!$E15)/(G$2-1)) | H15: =IF('Platzierungen alle Olympiaden'!$F15=0,"",(H$2-'Platzierungen alle Olympiaden'!$F15)/(H$2-1)) | I15: =IF('Platzierungen alle Olympiaden'!$G15=0,"",(I$2-'Platzierungen alle Olympiaden'!$G15)/(I$2-1)) | J15: =IF('Platzierungen alle Olympiaden'!$H15=0,"",(J$2-'Platzierungen alle Olympiaden'!$H15)/(J$2-1)) | K15: =IF('Platzierungen alle Olympiaden'!$I15=0,"",(K$2-'Platzierungen alle Olympiaden'!$I15)/(K$2-1)) | L15: =IF('Platzierungen alle Olympiaden'!$J15=0,"",(L$2-'Platzierungen alle Olympiaden'!$J15)/(L$2-1)) -> 0.875 | M15: =IF('Platzierungen alle Olympiaden'!$K15=0,"",(M$2-'Platzierungen alle Olympiaden'!$K15)/(M$2-1)) -> 0.28571429
... B36: 33 | C36: =IF(ISNUMBER(Durchschnitt!$F36)=TRUE(),_xlfn.RANK.EQ(Durchschnitt!$F36,Durchschnitt!$F$4:$F$36,0),"") | D36: Charlie | E36: =COUNT(G36:M36) -> 1 | F36: =IF(Durchschnitt!$E36>=3,AVERAGE(G36:M36),"") | G36: =IF('Platzierungen alle Olympiaden'!$E36=0,"",(G$2-'Platzierungen alle Olympiaden'!$E36)/(G$2-1)) | H36: =IF('Platzierungen alle Olympiaden'!$F36=0,"",(H$2-'Platzierungen alle Olympiaden'!$F36)/(H$2-1)) | I36: =IF('Platzierungen alle Olympiaden'!$G36=0,"",(I$2-'Platzierungen alle Olympiaden'!$G36)/(I$2-1)) | J36: =IF('Platzierungen alle Olympiaden'!$H36=0,"",(J$2-'Platzierungen alle Olympiaden'!$H36)/(J$2-1)) | K36: =IF('Platzierungen alle Olympiaden'!$I36=0,"",(K$2-'Platzierungen alle Olympiaden'!$I36)/(K$2-1)) -> 0 | L36: =IF('Platzierungen alle Olympiaden'!$J36=0,"",(L$2-'Platzierungen alle Olympiaden'!$J36)/(L$2-1)) | M36: =IF('Platzierungen alle Olympiaden'!$K36=0,"",(M$2-'Platzierungen alle Olympiaden'!$K36)/(M$2-1))

Sheet Medaillen
A1: Platzierung | B1: Name | C1: Flunkyball_1st | D1: Flunkyball_2nd | E1: Flunkyball_3rd | F1: Flunkyball_Gesamt | G1: Beerpong_1st | H1: Beerpong_2nd | I1: Beerpong_3rd | J1: Beerpong_Gesamt | K1: Flipcup_1st | L1: Flipcup_2nd | M1: Flipcup_3rd | N1: Flipcup_Gesamt | O1: Platz_1st | P1: Platz_2nd | Q1: Platz_3rd | R1: Platz_Gesamt | S1: Gesamt_1st | T1: Gesamt_2nd | U1: Gesamt_3rd | V1: Gesamt_Gesamt | W1: Gesamtpunkte | X1: Durchschnittspunkte_Gesamt
A2: 2 | B2: Richard | C2: =COUNTIFS(Olympiade_1!$B:$B,$B2,Olympiade_1!$F:$F,1)+COUNTIFS(Olympiade_2!$B:$B,$B2,Olympiade_2!$F:$F,1)+COUNTIFS(Olympiade_3!$B:$B,$B2,Olympiade_3!$F:$F,1)+COUNTIFS(Olympiade_4!$B:$B,$B2,Olympiade_4!$F:$F,1)+COUNTIFS(Olympiade_5!$B:$B,$B2,Olympiade_5!$F:$F,1)+COUNTIFS(Olympiade_6!$B:$B,$B2,Olympiade_6!$F:$F,1)+COUNTIFS(Olympiade_7!$B:$B,$B2,Olympiade_7!$F:$F,1)+COUNTIFS(Olympiade_8!$B:$B,$B2,Olympiade_8!$F:$F,1) -> 3 | D2: =COUNTIFS(Olympiade_1!$B:$B, $B2, Olympiade_1!$F:$F,2)+COUNTIFS(Olympiade_2!$B:$B, $B2, Olympiade_2!$F:$F,2)+COUNTIFS(Olympiade_3!$B:$B, $B2, Olympiade_3!$F:$F,2)+COUNTIFS(Olympiade_4!$B:$B, $B2, Olympiade_4!$F:$F,2)+COUNTIFS(Olympiade_5!$B:$B, $B2, Olympiade_5!$F:$F,2)+COUNTIFS(Olympiade_6!$B:$B, $B2, Olympiade_6!$F:$F,2)+COUNTIFS(Olympiade_7!$B:$B, $B2, Olympiade_7!$F:$F,2)+COUNTIFS(Olympiade_8!$B:$B, $B2, Olympiade_8!$F:$F,2) -> 1 | E2: =COUNTIFS(Olympiade_1!$B:$B, $B2, Olympiade_1!$F:$F,3)+COUNTIFS(Olympiade_2!$B:$B, $B2, Olympiade_2!$F:$F,3)+COUNTIFS(Olympiade_3!$B:$B, $B2, Olympiade_3!$F:$F,3)+COUNTIFS(Olympiade_4!$B:$B, $B2, Olympiade_4!$F:$F,3)+COUNTIFS(Olympiade_5!$B:$B, $B2, Olympiade_5!$F:$F,3)+COUNTIFS(Olympiade_6!$B:$B, $B2, Olympiade_6!$F:$F,3)+COUNTIFS(Olympiade_7!$B:$B, $B2, Olympiade_7!$F:$F,3)+COUNTIFS(Olympiade_8!$B:$B, $B2, Olympiade_8!$F:$F,3) -> 0 | F2: =SUM(C2,D2,E2) -> 4 | G2: =COUNTIFS(Olympiade_1!$B:$B, $B2, Olympiade_1!$G:$G,1)+COUNTIFS(Olympiade_2!$B:$B, $B2, Olympiade_2!$G:$G,1)+COUNTIFS(Olympiade_3!$B:$B, $B2, Olympiade_3!$G:$G,1)+COUNTIFS(Olympiade_4!$B:$B, $B2, Olympiade_4!$G:$G,1)+COUNTIFS(Olympiade_5!$B:$B, $B2, Olympiade_5!$G:$G,1)+COUNTIFS(Olympiade_6!$B:$B, $B2, Olympiade_6!$G:$G,1)+COUNTIFS(Olympiade_7!$B:$B, $B2, Olympiade_7!$G:$G,1)+COUNTIFS(Olympiade_8!$B:$B, $B2, Olympiade_8!$G:$G,1) -> 2 | H2: =COUNTIFS(Olympiade_1!$B:$B, $B2, Olympiade_1!$G:$G,2)+COUNTIFS(Olympiade_2!$B:$B, $B2, Olympiade_2!$G:$G,2)+COUNTIFS(Olympiade_3!$B:$B, $B2, Olympiade_3!$G:$G,2)+COUNTIFS(Olympiade_4!$B:$B, $B2, Olympiade_4!$G:$G,2)+COUNTIFS(Olympiade_5!$B:$B, $B2, Olympiade_5!$G:$G,2)+COUNTIFS(Olympiade_6!$B:$B, $B2, Olympiade_6!$G:$G,2)+COUNTIFS(Olympiade_7!$B:$B, $B2, Olympiade_7!$G:$G,2)+COUNTIFS(Olympiade_8!$B:$B, $B2, Olympiade_8!$G:$G,2) -> 2 | I2: =COUNTIFS(Olympiade_1!$B:$B, $B2, Olympiade_1!$G:$G,3)+COUNTIFS(Olympiade_2!$B:$B, $B2, Olympiade_2!$G:$G,3)+COUNTIFS(Olympiade_3!$B:$B, $B2, Olympiade_3!$G:$G,3)+COUNTIFS(Olympiade_4!$B:$B, $B2, Olympiade_4!$G:$G,3)+COUNTIFS(Olympiade_5!$B:$B, $B2, Olympiade_5!$G:$G,3)+COUNTIFS(Olympiade_6!$B:$B, $B2, Olympiade_6!$G:$G,3)+COUNTIFS(Olympiade_7!$B:$B, $B2, Olympiade_7!$G:$G,3)+COUNTIFS(Olympiade_8!$B:$B, $B2, Olympiade_8!$G:$G,3) -> 2 | J2: =SUM(G2,H2,I2) -> 6 | K2: =COUNTIFS(Olympiade_1!$B:$B, $B2, Olympiade_1!$H:$H,1)+COUNTIFS(Olympiade_2!$B:$B, $B2, Olympiade_2!$H:$H,1)+COUNTIFS(Olympiade_3!$B:$B, $B2, Olympiade_3!$H:$H,1)+COUNTIFS(Olympiade_4!$B:$B, $B2, Olympiade_4!$H:$H,1)+COUNTIFS(Olympiade_5!$B:$B, $B2, Olympiade_5!$H:$H,1)+COUNTIFS(Olympiade_6!$B:$B, $B2, Olympiade_6!$H:$H,1)+COUNTIFS(Olympiade_7!$B:$B, $B2, Olympiade_7!$H:$H,1)+COUNTIFS(Olympiade_8!$B:$B, $B2, Olympiade_8!$H:$H,1) -> 2 | L2: =COUNTIFS(Olympiade_1!$B:$B, $B2, Olympiade_1!$H:$H,2)+COUNTIFS(Olympiade_2!$B:$B, $B2, Olympiade_2!$H:$H,2)+COUNTIFS(Olympiade_3!$B:$B, $B2, Olympiade_3!$H:$H,2)+COUNTIFS(Olympiade_4!$B:$B, $B2, Olympiade_4!$H:$H,2)+COUNTIFS(Olympiade_5!$B:$B, $B2, Olympiade_5!$H:$H,2)+COUNTIFS(Olympiade_6!$B:$B, $B2, Olympiade_6!$H:$H,2)+COUNTIFS(Olympiade_7!$B:$B, $B2, Olympiade_7!$H:$H,2)+COUNTIFS(Olympiade_8!$B:$B, $B2, Olympiade_8!$H:$H,2) -> 1 | M2: =COUNTIFS(Olympiade_1!$B:$B, $B2, Olympiade_1!$H:$H,3)+COUNTIFS(Olympiade_2!$B:$B, $B2, Olympiade_2!$H:$H,3)+COUNTIFS(Olympiade_3!$B:$B, $B2, Olympiade_3!$H:$H,3)+COUNTIFS(Olympiade_4!$B:$B, $B2, Olympiade_4!$H:$H,3)+COUNTIFS(Olympiade_5!$B:$B, $B2, Olympiade_5!$H:$H,3)+COUNTIFS(Olympiade_6!$B:$B, $B2, Olympiade_6!$H:$H,3)+COUNTIFS(Olympiade_7!$B:$B, $B2, Olympiade_7!$H:$H,3)+COUNTIFS(Olympiade_8!$B:$B, $B2, Olympiade_8!$H:$H,3) -> 1 | N2: =SUM(K2,L2,M2) -> 4 | O2: =COUNTIFS(Olympiade_1!$B:$B, $B2, Olympiade_1!$A:$A,1)+COUNTIFS(Olympiade_2!$B:$B, $B2, Olympiade_2!$A:$A,1)+COUNTIFS(Olympiade_3!$B:$B, $B2, Olympiade_3!$A:$A,1)+COUNTIFS(Olympiade_4!$B:$B, $B2, Olympiade_4!$A:$A,1)+COUNTIFS(Olympiade_5!$B:$B, $B2, Olympiade_5!$A:$A,1)+COUNTIFS(Olympiade_6!$B:$B, $B2, Olympiade_6!$A:$A,1)+COUNTIFS(Olympiade_7!$B:$B, $B2, Olympiade_7!$A:$A,1)+COUNTIFS(Olympiade_8!$B:$B, $B2, Olympiade_8!$A:$A,1) -> 4 | P2: =COUNTIFS(Olympiade_1!$B:$B, $B2, Olympiade_1!$A:$A,2)+COUNTIFS(Olympiade_2!$B:$B, $B2, Olympiade_2!$A:$A,2)+COUNTIFS(Olympiade_3!$B:$B, $B2, Olympiade_3!$A:$A,2)+COUNTIFS(Olympiade_4!$B:$B, $B2, Olympiade_4!$A:$A,2)+COUNTIFS(Olympiade_5!$B:$B, $B2, Olympiade_5!$A:$A,2)+COUNTIFS(Olympiade_6!$B:$B, $B2, Olympiade_6!$A:$A,2)+COUNTIFS(Olympiade_7!$B:$B, $B2, Olympiade_7!$A:$A,2)+COUNTIFS(Olympiade_8!$B:$B, $B2, Olympiade_8!$A:$A,2) -> 1 | Q2: =COUNTIFS(Olympiade_1!$B:$B, $B2, Olympiade_1!$A:$A,3)+COUNTIFS(Olympiade_2!$B:$B, $B2, Olympiade_2!$A:$A,3)+COUNTIFS(Olympiade_3!$B:$B, $B2, Olympiade_3!$A:$A,3)+COUNTIFS(Olympiade_4!$B:$B, $B2, Olympiade_4!$A:$A,3)+COUNTIFS(Olympiade_5!$B:$B, $B2, Olympiade_5!$A:$A,3)+COUNTIFS(Olympiade_6!$B:$B, $B2, Olympiade_6!$A:$A,3)+COUNTIFS(Olympiade_7!$B:$B, $B2, Olympiade_7!$A:$A,3)+COUNTIFS(Olympiade_8!$B:$B, $B2, Olympiade_8!$A:$A,3) -> 0 | R2: =SUM(O2,P2,Q2) -> 5 | S2: =SUM(C2,G2,K2,O2) -> 11 | T2: =SUM(D2,H2,L2,P2) -> 5 | U2: =SUM(E2,I2,M2,Q2) -> 3 | V2: =SUM(S2,T2,U2) -> 19 | W2: =SUMIFS(Database!B:B,Database!A:A,B2) + SUMIFS(Database!F:F,Database!A:A,B2) -> 340 | X2: {=AVERAGE(xlookup(B2, Database!K:K, Database!L:N,NA()))} -> #N/A
A3: 6 | B3: Georg | C3: =COUNTIFS(Olympiade_1!$B:$B,$B3,Olympiade_1!$F:$F,1)+COUNTIFS(Olympiade_2!$B:$B,$B3,Olympiade_2!$F:$F,1)+COUNTIFS(Olympiade_3!$B:$B,$B3,Olympiade_3!$F:$F,1)+COUNTIFS(Olympiade_4!$B:$B,$B3,Olympiade_4!$F:$F,1)+COUNTIFS(Olympiade_5!$B:$B,$B3,Olympiade_5!$F:$F,1)+COUNTIFS(Olympiade_6!$B:$B,$B3,Olympiade_6!$F:$F,1)+COUNTIFS(Olympiade_7!$B:$B,$B3,Olympiade_7!$F:$F,1)+COUNTIFS(Olympiade_8!$B:$B,$B3,Olympiade_8!$F:$F,1) -> 3 | D3: =COUNTIFS(Olympiade_1!$B:$B, $B3, Olympiade_1!$F:$F,2)+COUNTIFS(Olympiade_2!$B:$B, $B3, Olympiade_2!$F:$F,2)+COUNTIFS(Olympiade_3!$B:$B, $B3, Olympiade_3!$F:$F,2)+COUNTIFS(Olympiade_4!$B:$B, $B3, Olympiade_4!$F:$F,2)+COUNTIFS(Olympiade_5!$B:$B, $B3, Olympiade_5!$F:$F,2)+COUNTIFS(Olympiade_6!$B:$B, $B3, Olympiade_6!$F:$F,2)+COUNTIFS(Olympiade_7!$B:$B, $B3, Olympiade_7!$F:$F,2)+COUNTIFS(Olympiade_8!$B:$B, $B3, Olympiade_8!$F:$F,2) -> 0 | E3: =COUNTIFS(Olympiade_1!$B:$B, $B3, Olympiade_1!$F:$F,3)+COUNTIFS(Olympiade_2!$B:$B, $B3, Olympiade_2!$F:$F,3)+COUNTIFS(Olympiade_3!$B:$B, $B3, Olympiade_3!$F:$F,3)+COUNTIFS(Olympiade_4!$B:$B, $B3, Olympiade_4!$F:$F,3)+COUNTIFS(Olympiade_5!$B:$B, $B3, Olympiade_5!$F:$F,3)+COUNTIFS(Olympiade_6!$B:$B, $B3, Olympiade_6!$F:$F,3)+COUNTIFS(Olympiade_7!$B:$B, $B3, Olympiade_7!$F:$F,3)+COUNTIFS(Olympiade_8!$B:$B, $B3, Olympiade_8!$F:$F,3) -> 0 | F3: =SUM(C3,D3,E3) -> 3 | G3: =COUNTIFS(Olympiade_1!$B:$B, $B3, Olympiade_1!$G:$G,1)+COUNTIFS(Olympiade_2!$B:$B, $B3, Olympiade_2!$G:$G,1)+COUNTIFS(Olympiade_3!$B:$B, $B3, Olympiade_3!$G:$G,1)+COUNTIFS(Olympiade_4!$B:$B, $B3, Olympiade_4!$G:$G,1)+COUNTIFS(Olympiade_5!$B:$B, $B3, Olympiade_5!$G:$G,1)+COUNTIFS(Olympiade_6!$B:$B, $B3, Olympiade_6!$G:$G,1)+COUNTIFS(Olympiade_7!$B:$B, $B3, Olympiade_7!$G:$G,1)+COUNTIFS(Olympiade_8!$B:$B, $B3, Olympiade_8!$G:$G,1) -> 1 | H3: =COUNTIFS(Olympiade_1!$B:$B, $B3, Olympiade_1!$G:$G,2)+COUNTIFS(Olympiade_2!$B:$B, $B3, Olympiade_2!$G:$G,2)+COUNTIFS(Olympiade_3!$B:$B, $B3, Olympiade_3!$G:$G,2)+COUNTIFS(Olympiade_4!$B:$B, $B3, Olympiade_4!$G:$G,2)+COUNTIFS(Olympiade_5!$B:$B, $B3, Olympiade_5!$G:$G,2)+COUNTIFS(Olympiade_6!$B:$B, $B3, Olympiade_6!$G:$G,2)+COUNTIFS(Olympiade_7!$B:$B, $B3, Olympiade_7!$G:$G,2)+COUNTIFS(Olympiade_8!$B:$B, $B3, Olympiade_8!$G:$G,2) -> 2 | I3: =COUNTIFS(Olympiade_1!$B:$B, $B3, Olympiade_1!$G:$G,3)+COUNTIFS(Olympiade_2!$B:$B, $B3, Olympiade_2!$G:$G,3)+COUNTIFS(Olympiade_3!$B:$B, $B3, Olympiade_3!$G:$G,3)+COUNTIFS(Olympiade_4!$B:$B, $B3, Olympiade_4!$G:$G,3)+COUNTIFS(Olympiade_5!$B:$B, $B3, Olympiade_5!$G:$G,3)+COUNTIFS(Olympiade_6!$B:$B, $B3, Olympiade_6!$G:$G,3)+COUNTIFS(Olympiade_7!$B:$B, $B3, Olympiade_7!$G:$G,3)+COUNTIFS(Olympiade_8!$B:$B, $B3, Olympiade_8!$G:$G,3) -> 1 | J3: =SUM(G3,H3,I3) -> 4 | K3: =COUNTIFS(Olympiade_1!$B:$B, $B3, Olympiade_1!$H:$H,1)+COUNTIFS(Olympiade_2!$B:$B, $B3, Olympiade_2!$H:$H,1)+COUNTIFS(Olympiade_3!$B:$B, $B3, Olympiade_3!$H:$H,1)+COUNTIFS(Olympiade_4!$B:$B, $B3, Olympiade_4!$H:$H,1)+COUNTIFS(Olympiade_5!$B:$B, $B3, Olympiade_5!$H:$H,1)+COUNTIFS(Olympiade_6!$B:$B, $B3, Olympiade_6!$H:$H,1)+COUNTIFS(Olympiade_7!$B:$B, $B3, Olympiade_7!$H:$H,1)+COUNTIFS(Olympiade_8!$B:$B, $B3, Olympiade_8!$H:$H,1) -> 1 | L3: =COUNTIFS(Olympiade_1!$B:$B, $B3, Olympiade_1!$H:$H,2)+COUNTIFS(Olympiade_2!$B:$B, $B3, Olympiade_2!$H:$H,2)+COUNTIFS(Olympiade_3!$B:$B, $B3, Olympiade_3!$H:$H,2)+COUNTIFS(Olympiade_4!$B:$B, $B3, Olympiade_4!$H:$H,2)+COUNTIFS(Olympiade_5!$B:$B, $B3, Olympiade_5!$H:$H,2)+COUNTIFS(Olympiade_6!$B:$B, $B3, Olympiade_6!$H:$H,2)+COUNTIFS(Olympiade_7!$B:$B, $B3, Olympiade_7!$H:$H,2)+COUNTIFS(Olympiade_8!$B:$B, $B3, Olympiade_8!$H:$H,2) -> 3 | M3: =COUNTIFS(Olympiade_1!$B:$B, $B3, Olympiade_1!$H:$H,3)+COUNTIFS(Olympiade_2!$B:$B, $B3, Olympiade_2!$H:$H,3)+COUNTIFS(Olympiade_3!$B:$B, $B3, Olympiade_3!$H:$H,3)+COUNTIFS(Olympiade_4!$B:$B, $B3, Olympiade_4!$H:$H,3)+COUNTIFS(Olympiade_5!$B:$B, $B3, Olympiade_5!$H:$H,3)+COUNTIFS(Olympiade_6!$B:$B, $B3, Olympiade_6!$H:$H,3)+COUNTIFS(Olympiade_7!$B:$B, $B3, Olympiade_7!$H:$H,3)+COUNTIFS(Olympiade_8!$B:$B, $B3, Olympiade_8!$H:$H,3) -> 0 | N3: =SUM(K3,L3,M3) -> 4 | O3: =COUNTIFS(Olympiade_1!$B:$B, $B3, Olympiade_1!$A:$A,1)+COUNTIFS(Olympiade_2!$B:$B, $B3, Olympiade_2!$A:$A,1)+COUNTIFS(Olympiade_3!$B:$B, $B3, Olympiade_3!$A:$A,1)+COUNTIFS(Olympiade_4!$B:$B, $B3, Olympiade_4!$A:$A,1)+COUNTIFS(Olympiade_5!$B:$B, $B3, Olympiade_5!$A:$A,1)+COUNTIFS(Olympiade_6!$B:$B, $B3, Olympiade_6!$A:$A,1)+COUNTIFS(Olympiade_7!$B:$B, $B3, Olympiade_7!$A:$A,1)+COUNTIFS(Olympiade_8!$B:$B, $B3, Olympiade_8!$A:$A,1) -> 2 | P3: =COUNTIFS(Olympiade_1!$B:$B, $B3, Olympiade_1!$A:$A,2)+COUNTIFS(Olympiade_2!$B:$B, $B3, Olympiade_2!$A:$A,2)+COUNTIFS(Olympiade_3!$B:$B, $B3, Olympiade_3!$A:$A,2)+COUNTIFS(Olympiade_4!$B:$B, $B3, Olympiade_4!$A:$A,2)+COUNTIFS(Olympiade_5!$B:$B, $B3, Olympiade_5!$A:$A,2)+COUNTIFS(Olympiade_6!$B:$B, $B3, Olympiade_6!$A:$A,2)+COUNTIFS(Olympiade_7!$B:$B, $B3, Olympiade_7!$A:$A,2)+COUNTIFS(Olympiade_8!$B:$B, $B3, Olympiade_8!$A:$A,2) -> 1 | Q3: =COUNTIFS(Olympiade_1!$B:$B, $B3, Olympiade_1!$A:$A,3)+COUNTIFS(Olympiade_2!$B:$B, $B3, Olympiade_2!$A:$A,3)+COUNTIFS(Olympiade_3!$B:$B, $B3, Olympiade_3!$A:$A,3)+COUNTIFS(Olympiade_4!$B:$B, $B3, Olympiade_4!$A:$A,3)+COUNTIFS(Olympiade_5!$B:$B, $B3, Olympiade_5!$A:$A,3)+COUNTIFS(Olympiade_6!$B:$B, $B3, Olympiade_6!$A:$A,3)+COUNTIFS(Olympiade_7!$B:$B, $B3, Olympiade_7!$A:$A,3)+COUNTIFS(Olympiade_8!$B:$B, $B3, Olympiade_8!$A:$A,3) -> 1 | R3: =SUM(O3,P3,Q3) -> 4 | S3: =SUM(C3,G3,K3,O3) -> 7 | T3: =SUM(D3,H3,L3,P3) -> 6 | U3: =SUM(E3,I3,M3,Q3) -> 2 | V3: =SUM(S3,T3,U3) -> 15 | W3: =SUMIFS(Database!B:B,Database!A:A,B3) + SUMIFS(Database!F:F,Database!A:A,B3) -> 240 | X3: {=AVERAGE(xlookup(B3, Database!K:K, Database!L:N,NA()))} -> #N/A
A4: 5 | B4: Till | C4: =COUNTIFS(Olympiade_1!$B:$B,$B4,Olympiade_1!$F:$F,1)+COUNTIFS(Olympiade_2!$B:$B,$B4,Olympiade_2!$F:$F,1)+COUNTIFS(Olympiade_3!$B:$B,$B4,Olympiade_3!$F:$F,1)+COUNTIFS(Olympiade_4!$B:$B,$B4,Olympiade_4!$F:$F,1)+COUNTIFS(Olympiade_5!$B:$B,$B4,Olympiade_5!$F:$F,1)+COUNTIFS(Olympiade_6!$B:$B,$B4,Olympiade_6!$F:$F,1)+COUNTIFS(Olympiade_7!$B:$B,$B4,Olympiade_7!$F:$F,1)+COUNTIFS(Olympiade_8!$B:$B,$B4,Olympiade_8!$F:$F,1) -> 2 | D4: =COUNTIFS(Olympiade_1!$B:$B, $B4, Olympiade_1!$F:$F,2)+COUNTIFS(Olympiade_2!$B:$B, $B4, Olympiade_2!$F:$F,2)+COUNTIFS(Olympiade_3!$B:$B, $B4, Olympiade_3!$F:$F,2)+COUNTIFS(Olympiade_4!$B:$B, $B4, Olympiade_4!$F:$F,2)+COUNTIFS(Olympiade_5!$B:$B, $B4, Olympiade_5!$F:$F,2)+COUNTIFS(Olympiade_6!$B:$B, $B4, Olympiade_6!$F:$F,2)+COUNTIFS(Olympiade_7!$B:$B, $B4, Olympiade_7!$F:$F,2)+COUNTIFS(Olympiade_8!$B:$B, $B4, Olympiade_8!$F:$F,2) -> 1 | E4: =COUNTIFS(Olympiade_1!$B:$B, $B4, Olympiade_1!$F:$F,3)+COUNTIFS(Olympiade_2!$B:$B, $B4, Olympiade_2!$F:$F,3)+COUNTIFS(Olympiade_3!$B:$B, $B4, Olympiade_3!$F:$F,3)+COUNTIFS(Olympiade_4!$B:$B, $B4, Olympiade_4!$F:$F,3)+COUNTIFS(Olympiade_5!$B:$B, $B4, Olympiade_5!$F:$F,3)+COUNTIFS(Olympiade_6!$B:$B, $B4, Olympiade_6!$F:$F,3)+COUNTIFS(Olympiade_7!$B:$B, $B4, Olympiade_7!$F:$F,3)+COUNTIFS(Olympiade_8!$B:$B, $B4, Olympiade_8!$F:$F,3) -> 0 | F4: =SUM(C4,D4,E4) -> 3 | G4: =COUNTIFS(Olympiade_1!$B:$B, $B4, Olympiade_1!$G:$G,1)+COUNTIFS(Olympiade_2!$B:$B, $B4, Olympiade_2!$G:$G,1)+COUNTIFS(Olympiade_3!$B:$B, $B4, Olympiade_3!$G:$G,1)+COUNTIFS(Olympiade_4!$B:$B, $B4, Olympiade_4!$G:$G,1)+COUNTIFS(Olympiade_5!$B:$B, $B4, Olympiade_5!$G:$G,1)+COUNTIFS(Olympiade_6!$B:$B, $B4, Olympiade_6!$G:$G,1)+COUNTIFS(Olympiade_7!$B:$B, $B4, Olympiade_7!$G:$G,1)+COUNTIFS(Olympiade_8!$B:$B, $B4, Olympiade_8!$G:$G,1) -> 0 | H4: =COUNTIFS(Olympiade_1!$B:$B, $B4, Olympiade_1!$G:$G,2)+COUNTIFS(Olympiade_2!$B:$B, $B4, Olympiade_2!$G:$G,2)+COUNTIFS(Olympiade_3!$B:$B, $B4, Olympiade_3!$G:$G,2)+COUNTIFS(Olympiade_4!$B:$B, $B4, Olympiade_4!$G:$G,2)+COUNTIFS(Olympiade_5!$B:$B, $B4, Olympiade_5!$G:$G,2)+COUNTIFS(Olympiade_6!$B:$B, $B4, Olympiade_6!$G:$G,2)+COUNTIFS(Olympiade_7!$B:$B, $B4, Olympiade_7!$G:$G,2)+COUNTIFS(Olympiade_8!$B:$B, $B4, Olympiade_8!$G:$G,2) -> 1 | I4: =COUNTIFS(Olympiade_1!$B:$B, $B4, Olympiade_1!$G:$G,3)+COUNTIFS(Olympiade_2!$B:$B, $B4, Olympiade_2!$G:$G,3)+COUNTIFS(Olympiade_3!$B:$B, $B4, Olympiade_3!$G:$G,3)+COUNTIFS(Olympiade_4!$B:$B, $B4, Olympiade_4!$G:$G,3)+COUNTIFS(Olympiade_5!$B:$B, $B4, Olympiade_5!$G:$G,3)+COUNTIFS(Olympiade_6!$B:$B, $B4, Olympiade_6!$G:$G,3)+COUNTIFS(Olympiade_7!$B:$B, $B4, Olympiade_7!$G:$G,3)+COUNTIFS(Olympiade_8!$B:$B, $B4, Olympiade_8!$G:$G,3) -> 0 | J4: =SUM(G4,H4,I4) -> 1 | K4: =COUNTIFS(Olympiade_1!$B:$B, $B4, Olympiade_1!$H:$H,1)+COUNTIFS(Olympiade_2!$B:$B, $B4, Olympiade_2!$H:$H,1)+COUNTIFS(Olympiade_3!$B:$B, $B4, Olympiade_3!$H:$H,1)+COUNTIFS(Olympiade_4!$B:$B, $B4, Olympiade_4!$H:$H,1)+COUNTIFS(Olympiade_5!$B:$B, $B4, Olympiade_5!$H:$H,1)+COUNTIFS(Olympiade_6!$B:$B, $B4, Olympiade_6!$H:$H,1)+COUNTIFS(Olympiade_7!$B:$B, $B4, Olympiade_7!$H:$H,1)+COUNTIFS(Olympiade_8!$B:$B, $B4, Olympiade_8!$H:$H,1) -> 1 | L4: =COUNTIFS(Olympiade_1!$B:$B, $B4, Olympiade_1!$H:$H,2)+COUNTIFS(Olympiade_2!$B:$B, $B4, Olympiade_2!$H:$H,2)+COUNTIFS(Olympiade_3!$B:$B, $B4, Olympiade_3!$H:$H,2)+COUNTIFS(Olympiade_4!$B:$B, $B4, Olympiade_4!$H:$H,2)+COUNTIFS(Olympiade_5!$B:$B, $B4, Olympiade_5!$H:$H,2)+COUNTIFS(Olympiade_6!$B:$B, $B4, Olympiade_6!$H:$H,2)+COUNTIFS(Olympiade_7!$B:$B, $B4, Olympiade_7!$H:$H,2)+COUNTIFS(Olympiade_8!$B:$B, $B4, Olympiade_8!$H:$H,2) -> 1 | M4: =COUNTIFS(Olympiade_1!$B:$B, $B4, Olympiade_1!$H:$H,3)+COUNTIFS(Olympiade_2!$B:$B, $B4, Olympiade_2!$H:$H,3)+COUNTIFS(Olympiade_3!$B:$B, $B4, Olympiade_3!$H:$H,3)+COUNTIFS(Olympiade_4!$B:$B, $B4, Olympiade_4!$H:$H,3)+COUNTIFS(Olympiade_5!$B:$B, $B4, Olympiade_5!$H:$H,3)+COUNTIFS(Olympiade_6!$B:$B, $B4, Olympiade_6!$H:$H,3)+COUNTIFS(Olympiade_7!$B:$B, $B4, Olympiade_7!$H:$H,3)+COUNTIFS(Olympiade_8!$B:$B, $B4, Olympiade_8!$H:$H,3) -> 1 | N4: =SUM(K4,L4,M4) -> 3 | O4: =COUNTIFS(Olympiade_1!$B:$B, $B4, Olympiade_1!$A:$A,1)+COUNTIFS(Olympiade_2!$B:$B, $B4, Olympiade_2!$A:$A,1)+COUNTIFS(Olympiade_3!$B:$B, $B4, Olympiade_3!$A:$A,1)+COUNTIFS(Olympiade_4!$B:$B, $B4, Olympiade_4!$A:$A,1)+COUNTIFS(Olympiade_5!$B:$B, $B4, Olympiade_5!$A:$A,1)+COUNTIFS(Olympiade_6!$B:$B, $B4, Olympiade_6!$A:$A,1)+COUNTIFS(Olympiade_7!$B:$B, $B4, Olympiade_7!$A:$A,1)+COUNTIFS(Olympiade_8!$B:$B, $B4, Olympiade_8!$A:$A,1) -> 2 | P4: =COUNTIFS(Olympiade_1!$B:$B, $B4, Olympiade_1!$A:$A,2)+COUNTIFS(Olympiade_2!$B:$B, $B4, Olympiade_2!$A:$A,2)+COUNTIFS(Olympiade_3!$B:$B, $B4, Olympiade_3!$A:$A,2)+COUNTIFS(Olympiade_4!$B:$B, $B4, Olympiade_4!$A:$A,2)+COUNTIFS(Olympiade_5!$B:$B, $B4, Olympiade_5!$A:$A,2)+COUNTIFS(Olympiade_6!$B:$B, $B4, Olympiade_6!$A:$A,2)+COUNTIFS(Olympiade_7!$B:$B, $B4, Olympiade_7!$A:$A,2)+COUNTIFS(Olympiade_8!$B:$B, $B4, Olympiade_8!$A:$A,2) -> 1 | Q4: =COUNTIFS(Olympiade_1!$B:$B, $B4, Olympiade_1!$A:$A,3)+COUNTIFS(Olympiade_2!$B:$B, $B4, Olympiade_2!$A:$A,3)+COUNTIFS(Olympiade_3!$B:$B, $B4, Olympiade_3!$A:$A,3)+COUNTIFS(Olympiade_4!$B:$B, $B4, Olympiade_4!$A:$A,3)+COUNTIFS(Olympiade_5!$B:$B, $B4, Olympiade_5!$A:$A,3)+COUNTIFS(Olympiade_6!$B:$B, $B4, Olympiade_6!$A:$A,3)+COUNTIFS(Olympiade_7!$B:$B, $B4, Olympiade_7!$A:$A,3)+COUNTIFS(Olympiade_8!$B:$B, $B4, Olympiade_8!$A:$A,3) -> 0 | R4: =SUM(O4,P4,Q4) -> 3 | S4: =SUM(C4,G4,K4,O4) -> 5 | T4: =SUM(D4,H4,L4,P4) -> 4 | U4: =SUM(E4,I4,M4,Q4) -> 1 | V4: =SUM(S4,T4,U4) -> 10 | W4: =SUMIFS(Database!B:B,Database!A:A,B4) + SUMIFS(Database!F:F,Database!A:A,B4) -> 260 | X4: {=AVERAGE(xlookup(B4, Database!K:K, Database!L:N,NA()))} -> #N/A
A5: 4 | B5: Hannah | C5: =COUNTIFS(Olympiade_1!$B:$B,$B5,Olympiade_1!$F:$F,1)+COUNTIFS(Olympiade_2!$B:$B,$B5,Olympiade_2!$F:$F,1)+COUNTIFS(Olympiade_3!$B:$B,$B5,Olympiade_3!$F:$F,1)+COUNTIFS(Olympiade_4!$B:$B,$B5,Olympiade_4!$F:$F,1)+COUNTIFS(Olympiade_5!$B:$B,$B5,Olympiade_5!$F:$F,1)+COUNTIFS(Olympiade_6!$B:$B,$B5,Olympiade_6!$F:$F,1)+COUNTIFS(Olympiade_7!$B:$B,$B5,Olympiade_7!$F:$F,1)+COUNTIFS(Olympiade_8!$B:$B,$B5,Olympiade_8!$F:$F,1) -> 0 | D5: =COUNTIFS(Olympiade_1!$B:$B, $B5, Olympiade_1!$F:$F,2)+COUNTIFS(Olympiade_2!$B:$B, $B5, Olympiade_2!$F:$F,2)+COUNTIFS(Olympiade_3!$B:$B, $B5, Olympiade_3!$F:$F,2)+COUNTIFS(Olympiade_4!$B:$B, $B5, Olympiade_4!$F:$F,2)+COUNTIFS(Olympiade_5!$B:$B, $B5, Olympiade_5!$F:$F,2)+COUNTIFS(Olympiade_6!$B:$B, $B5, Olympiade_6!$F:$F,2)+COUNTIFS(Olympiade_7!$B:$B, $B5, Olympiade_7!$F:$F,2)+COUNTIFS(Olympiade_8!$B:$B, $B5, Olympiade_8!$F:$F,2) -> 0 | E5: =COUNTIFS(Olympiade_1!$B:$B, $B5, Olympiade_1!$F:$F,3)+COUNTIFS(Olympiade_2!$B:$B, $B5, Olympiade_2!$F:$F,3)+COUNTIFS(Olympiade_3!$B:$B, $B5, Olympiade_3!$F:$F,3)+COUNTIFS(Olympiade_4!$B:$B, $B5, Olympiade_4!$F:$F,3)+COUNTIFS(Olympiade_5!$B:$B, $B5, Olympiade_5!$F:$F,3)+COUNTIFS(Olympiade_6!$B:$B, $B5, Olympiade_6!$F:$F,3)+COUNTIFS(Olympiade_7!$B:$B, $B5, Olympiade_7!$F:$F,3)+COUNTIFS(Olympiade_8!$B:$B, $B5, Olympiade_8!$F:$F,3) -> 2 | F5: =SUM(C5,D5,E5) -> 2 | G5: =COUNTIFS(Olympiade_1!$B:$B, $B5, Olympiade_1!$G:$G,1)+COUNTIFS(Olympiade_2!$B:$B, $B5, Olympiade_2!$G:$G,1)+COUNTIFS(Olympiade_3!$B:$B, $B5, Olympiade_3!$G:$G,1)+COUNTIFS(Olympiade_4!$B:$B, $B5, Olympiade_4!$G:$G,1)+COUNTIFS(Olympiade_5!$B:$B, $B5, Olympiade_5!$G:$G,1)+COUNTIFS(Olympiade_6!$B:$B, $B5, Olympiade_6!$G:$G,1)+COUNTIFS(Olympiade_7!$B:$B, $B5, Olympiade_7!$G:$G,1)+COUNTIFS(Olympiade_8!$B:$B, $B5, Olympiade_8!$G:$G,1) -> 0 | H5: =COUNTIFS(Olympiade_1!$B:$B, $B5, Olympiade_1!$G:$G,2)+COUNTIFS(Olympiade_2!$B:$B, $B5, Olympiade_2!$G:$G,2)+COUNTIFS(Olympiade_3!$B:$B, $B5, Olympiade_3!$G:$G,2)+COUNTIFS(Olympiade_4!$B:$B, $B5, Olympiade_4!$G:$G,2)+COUNTIFS(Olympiade_5!$B:$B, $B5, Olympiade_5!$G:$G,2)+COUNTIFS(Olympiade_6!$B:$B, $B5, Olympiade_6!$G:$G,2)+COUNTIFS(Olympiade_7!$B:$B, $B5, Olympiade_7!$G:$G,2)+COUNTIFS(Olympiade_8!$B:$B, $B5, Olympiade_8!$G:$G,2) -> 1 | I5: =COUNTIFS(Olympiade_1!$B:$B, $B5, Olympiade_1!$G:$G,3)+COUNTIFS(Olympiade_2!$B:$B, $B5, Olympiade_2!$G:$G,3)+COUNTIFS(Olympiade_3!$B:$B, $B5, Olympiade_3!$G:$G,3)+COUNTIFS(Olympiade_4!$B:$B, $B5, Olympiade_4!$G:$G,3)+COUNTIFS(Olympiade_5!$B:$B, $B5, Olympiade_5!$G:$G,3)+COUNTIFS(Olympiade_6!$B:$B, $B5, Olympiade_6!$G:$G,3)+COUNTIFS(Olympiade_7!$B:$B, $B5, Olympiade_7!$G:$G,3)+COUNTIFS(Olympiade_8!$B:$B, $B5, Olympiade_8!$G:$G,3) -> 1 | J5: =SUM(G5,H5,I5) -> 2 | K5: =COUNTIFS(Olympiade_1!$B:$B, $B5, Olympiade_1!$H:$H,1)+COUNTIFS(Olympiade_2!$B:$B, $B5, Olympiade_2!$H:$H,1)+COUNTIFS(Olympiade_3!$B:$B, $B5, Olympiade_3!$H:$H,1)+COUNTIFS(Olympiade_4!$B:$B, $B5, Olympiade_4!$H:$H,1)+COUNTIFS(Olympiade_5!$B:$B, $B5, Olympiade_5!$H:$H,1)+COUNTIFS(Olympiade_6!$B:$B, $B5, Olympiade_6!$H:$H,1)+COUNTIFS(Olympiade_7!$B:$B, $B5, Olympiade_7!$H:$H,1)+COUNTIFS(Olympiade_8!$B:$B, $B5, Olympiade_8!$H:$H,1) -> 3 | L5: =COUNTIFS(Olympiade_1!$B:$B, $B5, Olympiade_1!$H:$H,2)+COUNTIFS(Olympiade_2!$B:$B, $B5, Olympiade_2!$H:$H,2)+COUNTIFS(Olympiade_3!$B:$B, $B5, Olympiade_3!$H:$H,2)+COUNTIFS(Olympiade_4!$B:$B, $B5, Olympiade_4!$H:$H,2)+COUNTIFS(Olympiade_5!$B:$B, $B5, Olympiade_5!$H:$H,2)+COUNTIFS(Olympiade_6!$B:$B, $B5, Olympiade_6!$H:$H,2)+COUNTIFS(Olympiade_7!$B:$B, $B5, Olympiade_7!$H:$H,2)+COUNTIFS(Olympiade_8!$B:$B, $B5, Olympiade_8!$H:$H,2) -> 1 | M5: =COUNTIFS(Olympiade_1!$B:$B, $B5, Olympiade_1!$H:$H,3)+COUNTIFS(Olympiade_2!$B:$B, $B5, Olympiade_2!$H:$H,3)+COUNTIFS(Olympiade_3!$B:$B, $B5, Olympiade_3!$H:$H,3)+COUNTIFS(Olympiade_4!$B:$B, $B5, Olympiade_4!$H:$H,3)+COUNTIFS(Olympiade_5!$B:$B, $B5, Olympiade_5!$H:$H,3)+COUNTIFS(Olympiade_6!$B:$B, $B5, Olympiade_6!$H:$H,3)+COUNTIFS(Olympiade_7!$B:$B, $B5, Olympiade_7!$H:$H,3)+COUNTIFS(Olympiade_8!$B:$B, $B5, Olympiade_8!$H:$H,3) -> 2 | N5: =SUM(K5,L5,M5) -> 6 | O5: =COUNTIFS(Olympiade_1!$B:$B, $B5, Olympiade_1!$A:$A,1)+COUNTIFS(Olympiade_2!$B:$B, $B5, Olympiade_2!$A:$A,1)+COUNTIFS(Olympiade_3!$B:$B, $B5, Olympiade_3!$A:$A,1)+COUNTIFS(Olympiade_4!$B:$B, $B5, Olympiade_4!$A:$A,1)+COUNTIFS(Olympiade_5!$B:$B, $B5, Olympiade_5!$A:$A,1)+COUNTIFS(Olympiade_6!$B:$B, $B5, Olympiade_6!$A:$A,1)+COUNTIFS(Olympiade_7!$B:$B, $B5, Olympiade_7!$A:$A,1)+COUNTIFS(Olympiade_8!$B:$B, $B5, Olympiade_8!$A:$A,1) -> 2 | P5: =COUNTIFS(Olympiade_1!$B:$B, $B5, Olympiade_1!$A:$A,2)+COUNTIFS(Olympiade_2!$B:$B, $B5, Olympiade_2!$A:$A,2)+COUNTIFS(Olympiade_3!$B:$B, $B5, Olympiade_3!$A:$A,2)+COUNTIFS(Olympiade_4!$B:$B, $B5, Olympiade_4!$A:$A,2)+COUNTIFS(Olympiade_5!$B:$B, $B5, Olympiade_5!$A:$A,2)+COUNTIFS(Olympiade_6!$B:$B, $B5, Olympiade_6!$A:$A,2)+COUNTIFS(Olympiade_7!$B:$B, $B5, Olympiade_7!$A:$A,2)+COUNTIFS(Olympiade_8!$B:$B, $B5, Olympiade_8!$A:$A,2) -> 0 | Q5: =COUNTIFS(Olympiade_1!$B:$B, $B5, Olympiade_1!$A:$A,3)+COUNTIFS(Olympiade_2!$B:$B, $B5, Olympiade_2!$A:$A,3)+COUNTIFS(Olympiade_3!$B:$B, $B5, Olympiade_3!$A:$A,3)+COUNTIFS(Olympiade_4!$B:$B, $B5, Olympiade_4!$A:$A,3)+COUNTIFS(Olympiade_5!$B:$B, $B5, Olympiade_5!$A:$A,3)+COUNTIFS(Olympiade_6!$B:$B, $B5, Olympiade_6!$A:$A,3)+COUNTIFS(Olympiade_7!$B:$B, $B5, Olympiade_7!$A:$A,3)+COUNTIFS(Olympiade_8!$B:$B, $B5, Olympiade_8!$A:$A,3) -> 1 | R5: =SUM(O5,P5,Q5) -> 3 | S5: =SUM(C5,G5,K5,O5) -> 5 | T5: =SUM(D5,H5,L5,P5) -> 2 | U5: =SUM(E5,I5,M5,Q5) -> 6 | V5: =SUM(S5,T5,U5) -> 13 | W5: =SUMIFS(Database!B:B,Database!A:A,B5) + SUMIFS(Database!F:F,Database!A:A,B5) -> 270 | X5: {=AVERAGE(xlookup(B5, Database!K:K, Database!L:N,NA()))} -> #N/A
A6: 3 | B6: Jannes | C6: =COUNTIFS(Olympiade_1!$B:$B,$B6,Olympiade_1!$F:$F,1)+COUNTIFS(Olympiade_2!$B:$B,$B6,Olympiade_2!$F:$F,1)+COUNTIFS(Olympiade_3!$B:$B,$B6,Olympiade_3!$F:$F,1)+COUNTIFS(Olympiade_4!$B:$B,$B6,Olympiade_4!$F:$F,1)+COUNTIFS(Olympiade_5!$B:$B,$B6,Olympiade_5!$F:$F,1)+COUNTIFS(Olympiade_6!$B:$B,$B6,Olympiade_6!$F:$F,1)+COUNTIFS(Olympiade_7!$B:$B,$B6,Olympiade_7!$F:$F,1)+COUNTIFS(Olympiade_8!$B:$B,$B6,Olympiade_8!$F:$F,1) -> 1 | D6: =COUNTIFS(Olympiade_1!$B:$B, $B6, Olympiade_1!$F:$F,2)+COUNTIFS(Olympiade_2!$B:$B, $B6, Olympiade_2!$F:$F,2)+COUNTIFS(Olympiade_3!$B:$B, $B6, Olympiade_3!$F:$F,2)+COUNTIFS(Olympiade_4!$B:$B, $B6, Olympiade_4!$F:$F,2)+COUNTIFS(Olympiade_5!$B:$B, $B6, Olympiade_5!$F:$F,2)+COUNTIFS(Olympiade_6!$B:$B, $B6, Olympiade_6!$F:$F,2)+COUNTIFS(Olympiade_7!$B:$B, $B6, Olympiade_7!$F:$F,2)+COUNTIFS(Olympiade_8!$B:$B, $B6, Olympiade_8!$F:$F,2) -> 1 | E6: =COUNTIFS(Olympiade_1!$B:$B, $B6, Olympiade_1!$F:$F,3)+COUNTIFS(Olympiade_2!$B:$B, $B6, Olympiade_2!$F:$F,3)+COUNTIFS(Olympiade_3!$B:$B, $B6, Olympiade_3!$F:$F,3)+COUNTIFS(Olympiade_4!$B:$B, $B6, Olympiade_4!$F:$F,3)+COUNTIFS(Olympiade_5!$B:$B, $B6, Olympiade_5!$F:$F,3)+COUNTIFS(Olympiade_6!$B:$B, $B6, Olympiade_6!$F:$F,3)+COUNTIFS(Olympiade_7!$B:$B, $B6, Olympiade_7!$F:$F,3)+COUNTIFS(Olympiade_8!$B:$B, $B6, Olympiade_8!$F:$F,3) -> 0 | F6: =SUM(C6,D6,E6) -> 2 | G6: =COUNTIFS(Olympiade_1!$B:$B, $B6, Olympiade_1!$G:$G,1)+COUNTIFS(Olympiade_2!$B:$B, $B6, Olympiade_2!$G:$G,1)+COUNTIFS(Olympiade_3!$B:$B, $B6, Olympiade_3!$G:$G,1)+COUNTIFS(Olympiade_4!$B:$B, $B6, Olympiade_4!$G:$G,1)+COUNTIFS(Olympiade_5!$B:$B, $B6, Olympiade_5!$G:$G,1)+COUNTIFS(Olympiade_6!$B:$B, $B6, Olympiade_6!$G:$G,1)+COUNTIFS(Olympiade_7!$B:$B, $B6, Olympiade_7!$G:$G,1)+COUNTIFS(Olympiade_8!$B:$B, $B6, Olympiade_8!$G:$G,1) -> 3 | H6: =COUNTIFS(Olympiade_1!$B:$B, $B6, Olympiade_1!$G:$G,2)+COUNTIFS(Olympiade_2!$B:$B, $B6, Olympiade_2!$G:$G,2)+COUNTIFS(Olympiade_3!$B:$B, $B6, Olympiade_3!$G:$G,2)+COUNTIFS(Olympiade_4!$B:$B, $B6, Olympiade_4!$G:$G,2)+COUNTIFS(Olympiade_5!$B:$B, $B6, Olympiade_5!$G:$G,2)+COUNTIFS(Olympiade_6!$B:$B, $B6, Olympiade_6!$G:$G,2)+COUNTIFS(Olympiade_7!$B:$B, $B6, Olympiade_7!$G:$G,2)+COUNTIFS(Olympiade_8!$B:$B, $B6, Olympiade_8!$G:$G,2) -> 0 | I6: =COUNTIFS(Olympiade_1!$B:$B, $B6, Olympiade_1!$G:$G,3)+COUNTIFS(Olympiade_2!$B:$B, $B6, Olympiade_2!$G:$G,3)+COUNTIFS(Olympiade_3!$B:$B, $B6, Olympiade_3!$G:$G,3)+COUNTIFS(Olympiade_4!$B:$B, $B6, Olympiade_4!$G:$G,3)+COUNTIFS(Olympiade_5!$B:$B, $B6, Olympiade_5!$G:$G,3)+COUNTIFS(Olympiade_6!$B:$B, $B6, Olympiade_6!$G:$G,3)+COUNTIFS(Olympiade_7!$B:$B, $B6, Olympiade_7!$G:$G,3)+COUNTIFS(Olympiade_8!$B:$B, $B6, Olympiade_8!$G:$G,3) -> 0 | J6: =SUM(G6,H6,I6) -> 3 | K6: =COUNTIFS(Olympiade_1!$B:$B, $B6, Olympiade_1!$H:$H,1)+COUNTIFS(Olympiade_2!$B:$B, $B6, Olympiade_2!$H:$H,1)+COUNTIFS(Olympiade_3!$B:$B, $B6, Olympiade_3!$H:$H,1)+COUNTIFS(Olympiade_4!$B:$B, $B6, Olympiade_4!$H:$H,1)+COUNTIFS(Olympiade_5!$B:$B, $B6, Olympiade_5!$H:$H,1)+COUNTIFS(Olympiade_6!$B:$B, $B6, Olympiade_6!$H:$H,1)+COUNTIFS(Olympiade_7!$B:$B, $B6, Olympiade_7!$H:$H,1)+COUNTIFS(Olympiade_8!$B:$B, $B6, Olympiade_8!$H:$H,1) -> 1 | L6: =COUNTIFS(Olympiade_1!$B:$B, $B6, Olympiade_1!$H:$H,2)+COUNTIFS(Olympiade_2!$B:$B, $B6, Olympiade_2!$H:$H,2)+COUNTIFS(Olympiade_3!$B:$B, $B6, Olympiade_3!$H:$H,2)+COUNTIFS(Olympiade_4!$B:$B, $B6, Olympiade_4!$H:$H,2)+COUNTIFS(Olympiade_5!$B:$B, $B6, Olympiade_5!$H:$H,2)+COUNTIFS(Olympiade_6!$B:$B, $B6, Olympiade_6!$H:$H,2)+COUNTIFS(Olympiade_7!$B:$B, $B6, Olympiade_7!$H:$H,2)+COUNTIFS(Olympiade_8!$B:$B, $B6, Olympiade_8!$H:$H,2) -> 1 | M6: =COUNTIFS(Olympiade_1!$B:$B, $B6, Olympiade_1!$H:$H,3)+COUNTIFS(Olympiade_2!$B:$B, $B6, Olympiade_2!$H:$H,3)+COUNTIFS(Olympiade_3!$B:$B, $B6, Olympiade_3!$H:$H,3)+COUNTIFS(Olympiade_4!$B:$B, $B6, Olympiade_4!$H:$H,3)+COUNTIFS(Olympiade_5!$B:$B, $B6, Olympiade_5!$H:$H,3)+COUNTIFS(Olympiade_6!$B:$B, $B6, Olympiade_6!$H:$H,3)+COUNTIFS(Olympiade_7!$B:$B, $B6, Olympiade_7!$H:$H,3)+COUNTIFS(Olympiade_8!$B:$B, $B6, Olympiade_8!$H:$H,3) -> 0 | N6: =SUM(K6,L6,M6) -> 2 | O6: =COUNTIFS(Olympiade_1!$B:$B, $B6, Olympiade_1!$A:$A,1)+COUNTIFS(Olympiade_2!$B:$B, $B6, Olympiade_2!$A:$A,1)+COUNTIFS(Olympiade_3!$B:$B, $B6, Olympiade_3!$A:$A,1)+COUNTIFS(Olympiade_4!$B:$B, $B6, Olympiade_4!$A:$A,1)+COUNTIFS(Olympiade_5!$B:$B, $B6, Olympiade_5!$A:$A,1)+COUNTIFS(Olympiade_6!$B:$B, $B6, Olympiade_6!$A:$A,1)+COUNTIFS(Olympiade_7!$B:$B, $B6, Olympiade_7!$A:$A,1)+COUNTIFS(Olympiade_8!$B:$B, $B6, Olympiade_8!$A:$A,1) -> 1 | P6: =COUNTIFS(Olympiade_1!$B:$B, $B6, Olympiade_1!$A:$A,2)+COUNTIFS(Olympiade_2!$B:$B, $B6, Olympiade_2!$A:$A,2)+COUNTIFS(Olympiade_3!$B:$B, $B6, Olympiade_3!$A:$A,2)+COUNTIFS(Olympiade_4!$B:$B, $B6, Olympiade_4!$A:$A,2)+COUNTIFS(Olympiade_5!$B:$B, $B6, Olympiade_5!$A:$A,2)+COUNTIFS(Olympiade_6!$B:$B, $B6, Olympiade_6!$A:$A,2)+COUNTIFS(Olympiade_7!$B:$B, $B6, Olympiade_7!$A:$A,2)+COUNTIFS(Olympiade_8!$B:$B, $B6, Olympiade_8!$A:$A,2) -> 2 | Q6: =COUNTIFS(Olympiade_1!$B:$B, $B6, Olympiade_1!$A:$A,3)+COUNTIFS(Olympiade_2!$B:$B, $B6, Olympiade_2!$A:$A,3)+COUNTIFS(Olympiade_3!$B:$B, $B6, Olympiade_3!$A:$A,3)+COUNTIFS(Olympiade_4!$B:$B, $B6, Olympiade_4!$A:$A,3)+COUNTIFS(Olympiade_5!$B:$B, $B6, Olympiade_5!$A:$A,3)+COUNTIFS(Olympiade_6!$B:$B, $B6, Olympiade_6!$A:$A,3)+COUNTIFS(Olympiade_7!$B:$B, $B6, Olympiade_7!$A:$A,3)+COUNTIFS(Olympiade_8!$B:$B, $B6, Olympiade_8!$A:$A,3) -> 1 | R6: =SUM(O6,P6,Q6) -> 4 | S6: =SUM(C6,G6,K6,O6) -> 6 | T6: =SUM(D6,H6,L6,P6) -> 4 | U6: =SUM(E6,I6,M6,Q6) -> 1 | V6: =SUM(S6,T6,U6) -> 11 | W6: =SUMIFS(Database!B:B,Database!A:A,B6) + SUMIFS(Database!F:F,Database!A:A,B6) -> 300 | X6: {=AVERAGE(xlookup(B6, Database!K:K, Database!L:N,NA()))} -> #N/A
A7: 7 | B7: Elias | C7: =COUNTIFS(Olympiade_1!$B:$B,$B7,Olympiade_1!$F:$F,1)+COUNTIFS(Olympiade_2!$B:$B,$B7,Olympiade_2!$F:$F,1)+COUNTIFS(Olympiade_3!$B:$B,$B7,Olympiade_3!$F:$F,1)+COUNTIFS(Olympiade_4!$B:$B,$B7,Olympiade_4!$F:$F,1)+COUNTIFS(Olympiade_5!$B:$B,$B7,Olympiade_5!$F:$F,1)+COUNTIFS(Olympiade_6!$B:$B,$B7,Olympiade_6!$F:$F,1)+COUNTIFS(Olympiade_7!$B:$B,$B7,Olympiade_7!$F:$F,1)+COUNTIFS(Olympiade_8!$B:$B,$B7,Olympiade_8!$F:$F,1) -> 3 | D7: =COUNTIFS(Olympiade_1!$B:$B, $B7, Olympiade_1!$F:$F,2)+COUNTIFS(Olympiade_2!$B:$B, $B7, Olympiade_2!$F:$F,2)+COUNTIFS(Olympiade_3!$B:$B, $B7, Olympiade_3!$F:$F,2)+COUNTIFS(Olympiade_4!$B:$B, $B7, Olympiade_4!$F:$F,2)+COUNTIFS(Olympiade_5!$B:$B, $B7, Olympiade_5!$F:$F,2)+COUNTIFS(Olympiade_6!$B:$B, $B7, Olympiade_6!$F:$F,2)+COUNTIFS(Olympiade_7!$B:$B, $B7, Olympiade_7!$F:$F,2)+COUNTIFS(Olympiade_8!$B:$B, $B7, Olympiade_8!$F:$F,2) -> 0 | E7: =COUNTIFS(Olympiade_1!$B:$B, $B7, Olympiade_1!$F:$F,3)+COUNTIFS(Olympiade_2!$B:$B, $B7, Olympiade_2!$F:$F,3)+COUNTIFS(Olympiade_3!$B:$B, $B7, Olympiade_3!$F:$F,3)+COUNTIFS(Olympiade_4!$B:$B, $B7, Olympiade_4!$F:$F,3)+COUNTIFS(Olympiade_5!$B:$B, $B7, Olympiade_5!$F:$F,3)+COUNTIFS(Olympiade_6!$B:$B, $B7, Olympiade_6!$F:$F,3)+COUNTIFS(Olympiade_7!$B:$B, $B7, Olympiade_7!$F:$F,3)+COUNTIFS(Olympiade_8!$B:$B, $B7, Olympiade_8!$F:$F,3) -> 0 | F7: =SUM(C7,D7,E7) -> 3 | G7: =COUNTIFS(Olympiade_1!$B:$B, $B7, Olympiade_1!$G:$G,1)+COUNTIFS(Olympiade_2!$B:$B, $B7, Olympiade_2!$G:$G,1)+COUNTIFS(Olympiade_3!$B:$B, $B7, Olympiade_3!$G:$G,1)+COUNTIFS(Olympiade_4!$B:$B, $B7, Olympiade_4!$G:$G,1)+COUNTIFS(Olympiade_5!$B:$B, $B7, Olympiade_5!$G:$G,1)+COUNTIFS(Olympiade_6!$B:$B, $B7, Olympiade_6!$G:$G,1)+COUNTIFS(Olympiade_7!$B:$B, $B7, Olympiade_7!$G:$G,1)+COUNTIFS(Olympiade_8!$B:$B, $B7, Olympiade_8!$G:$G,1) -> 0 | H7: =COUNTIFS(Olympiade_1!$B:$B, $B7, Olympiade_1!$G:$G,2)+COUNTIFS(Olympiade_2!$B:$B, $B7, Olympiade_2!$G:$G,2)+COUNTIFS(Olympiade_3!$B:$B, $B7, Olympiade_3!$G:$G,2)+COUNTIFS(Olympiade_4!$B:$B, $B7, Olympiade_4!$G:$G,2)+COUNTIFS(Olympiade_5!$B:$B, $B7, Olympiade_5!$G:$G,2)+COUNTIFS(Olympiade_6!$B:$B, $B7, Olympiade_6!$G:$G,2)+COUNTIFS(Olympiade_7!$B:$B, $B7, Olympiade_7!$G:$G,2)+COUNTIFS(Olympiade_8!$B:$B, $B7, Olympiade_8!$G:$G,2) -> 1 | I7: =COUNTIFS(Olympiade_1!$B:$B, $B7, Olympiade_1!$G:$G,3)+COUNTIFS(Olympiade_2!$B:$B, $B7, Olympiade_2!$G:$G,3)+COUNTIFS(Olympiade_3!$B:$B, $B7, Olympiade_3!$G:$G,3)+COUNTIFS(Olympiade_4!$B:$B, $B7, Olympiade_4!$G:$G,3)+COUNTIFS(Olympiade_5!$B:$B, $B7, Olympiade_5!$G:$G,3)+COUNTIFS(Olympiade_6!$B:$B, $B7, Olympiade_6!$G:$G,3)+COUNTIFS(Olympiade_7!$B:$B, $B7, Olympiade_7!$G:$G,3)+COUNTIFS(Olympiade_8!$B:$B, $B7, Olympiade_8!$G:$G,3) -> 1 | J7: =SUM(G7,H7,I7) -> 2 | K7: =COUNTIFS(Olympiade_1!$B:$B, $B7, Olympiade_1!$H:$H,1)+COUNTIFS(Olympiade_2!$B:$B, $B7, Olympiade_2!$H:$H,1)+COUNTIFS(Olympiade_3!$B:$B, $B7, Olympiade_3!$H:$H,1)+COUNTIFS(Olympiade_4!$B:$B, $B7, Olympiade_4!$H:$H,1)+COUNTIFS(Olympiade_5!$B:$B, $B7, Olympiade_5!$H:$H,1)+COUNTIFS(Olympiade_6!$B:$B, $B7, Olympiade_6!$H:$H,1)+COUNTIFS(Olympiade_7!$B:$B, $B7, Olympiade_7!$H:$H,1)+COUNTIFS(Olympiade_8!$B:$B, $B7, Olympiade_8!$H:$H,1) -> 0 | L7: =COUNTIFS(Olympiade_1!$B:$B, $B7, Olympiade_1!$H:$H,2)+COUNTIFS(Olympiade_2!$B:$B, $B7, Olympiade_2!$H:$H,2)+COUNTIFS(Olympiade_3!$B:$B, $B7, Olympiade_3!$H:$H,2)+COUNTIFS(Olympiade_4!$B:$B, $B7, Olympiade_4!$H:$H,2)+COUNTIFS(Olympiade_5!$B:$B, $B7, Olympiade_5!$H:$H,2)+COUNTIFS(Olympiade_6!$B:$B, $B7, Olympiade_6!$H:$H,2)+COUNTIFS(Olympiade_7!$B:$B, $B7, Olympiade_7!$H:$H,2)+COUNTIFS(Olympiade_8!$B:$B, $B7, Olympiade_8!$H:$H,2) -> 3 | M7: =COUNTIFS(Olympiade_1!$B:$B, $B7, Olympiade_1!$H:$H,3)+COUNTIFS(Olympiade_2!$B:$B, $B7, Olympiade_2!$H:$H,3)+COUNTIFS(Olympiade_3!$B:$B, $B7, Olympiade_3!$H:$H,3)+COUNTIFS(Olympiade_4!$B:$B, $B7, Olympiade_4!$H:$H,3)+COUNTIFS(Olympiade_5!$B:$B, $B7, Olympiade_5!$H:$H,3)+COUNTIFS(Olympiade_6!$B:$B, $B7, Olympiade_6!$H:$H,3)+COUNTIFS(Olympiade_7!$B:$B, $B7, Olympiade_7!$H:$H,3)+COUNTIFS(Olympiade_8!$B:$B, $B7, Olympiade_8!$H:$H,3) -> 0 | N7: =SUM(K7,L7,M7) -> 3 | O7: =COUNTIFS(Olympiade_1!$B:$B, $B7, Olympiade_1!$A:$A,1)+COUNTIFS(Olympiade_2!$B:$B, $B7, Olympiade_2!$A:$A,1)+COUNTIFS(Olympiade_3!$B:$B, $B7, Olympiade_3!$A:$A,1)+COUNTIFS(Olympiade_4!$B:$B, $B7, Olympiade_4!$A:$A,1)+COUNTIFS(Olympiade_5!$B:$B, $B7, Olympiade_5!$A:$A,1)+COUNTIFS(Olympiade_6!$B:$B, $B7, Olympiade_6!$A:$A,1)+COUNTIFS(Olympiade_7!$B:$B, $B7, Olympiade_7!$A:$A,1)+COUNTIFS(Olympiade_8!$B:$B, $B7, Olympiade_8!$A:$A,1) -> 1 | P7: =COUNTIFS(Olympiade_1!$B:$B, $B7, Olympiade_1!$A:$A,2)+COUNTIFS(Olympiade_2!$B:$B, $B7, Olympiade_2!$A:$A,2)+COUNTIFS(Olympiade_3!$B:$B, $B7, Olympiade_3!$A:$A,2)+COUNTIFS(Olympiade_4!$B:$B, $B7, Olympiade_4!$A:$A,2)+COUNTIFS(Olympiade_5!$B:$B, $B7, Olympiade_5!$A:$A,2)+COUNTIFS(Olympiade_6!$B:$B, $B7, Olympiade_6!$A:$A,2)+COUNTIFS(Olympiade_7!$B:$B, $B7, Olympiade_7!$A:$A,2)+COUNTIFS(Olympiade_8!$B:$B, $B7, Olympiade_8!$A:$A,2) -> 1 | Q7: =COUNTIFS(Olympiade_1!$B:$B, $B7, Olympiade_1!$A:$A,3)+COUNTIFS(Olympiade_2!$B:$B, $B7, Olympiade_2!$A:$A,3)+COUNTIFS(Olympiade_3!$B:$B, $B7, Olympiade_3!$A:$A,3)+COUNTIFS(Olympiade_4!$B:$B, $B7, Olympiade_4!$A:$A,3)+COUNTIFS(Olympiade_5!$B:$B, $B7, Olympiade_5!$A:$A,3)+COUNTIFS(Olympiade_6!$B:$B, $B7, Olympiade_6!$A:$A,3)+COUNTIFS(Olympiade_7!$B:$B, $B7, Olympiade_7!$A:$A,3)+COUNTIFS(Olympiade_8!$B:$B, $B7, Olympiade_8!$A:$A,3) -> 1 | R7: =SUM(O7,P7,Q7) -> 3 | S7: =SUM(C7,G7,K7,O7) -> 4 | T7: =SUM(D7,H7,L7,P7) -> 5 | U7: =SUM(E7,I7,M7,Q7) -> 2 | V7: =SUM(S7,T7,U7) -> 11 | W7: =SUMIFS(Database!B:B,Database!A:A,B7) + SUMIFS(Database!F:F,Database!A:A,B7) -> 230 | X7: {=AVERAGE(xlookup(B7, Database!K:K, Database!L:N,NA()))} -> #N/A
A8: 8 | B8: Roman | C8: =COUNTIFS(Olympiade_1!$B:$B,$B8,Olympiade_1!$F:$F,1)+COUNTIFS(Olympiade_2!$B:$B,$B8,Olympiade_2!$F:$F,1)+COUNTIFS(Olympiade_3!$B:$B,$B8,Olympiade_3!$F:$F,1)+COUNTIFS(Olympiade_4!$B:$B,$B8,Olympiade_4!$F:$F,1)+COUNTIFS(Olympiade_5!$B:$B,$B8,Olympiade_5!$F:$F,1)+COUNTIFS(Olympiade_6!$B:$B,$B8,Olympiade_6!$F:$F,1)+COUNTIFS(Olympiade_7!$B:$B,$B8,Olympiade_7!$F:$F,1)+COUNTIFS(Olympiade_8!$B:$B,$B8,Olympiade_8!$F:$F,1) -> 0 | D8: =COUNTIFS(Olympiade_1!$B:$B, $B8, Olympiade_1!$F:$F,2)+COUNTIFS(Olympiade_2!$B:$B, $B8, Olympiade_2!$F:$F,2)+COUNTIFS(Olympiade_3!$B:$B, $B8, Olympiade_3!$F:$F,2)+COUNTIFS(Olympiade_4!$B:$B, $B8, Olympiade_4!$F:$F,2)+COUNTIFS(Olympiade_5!$B:$B, $B8, Olympiade_5!$F:$F,2)+COUNTIFS(Olympiade_6!$B:$B, $B8, Olympiade_6!$F:$F,2)+COUNTIFS(Olympiade_7!$B:$B, $B8, Olympiade_7!$F:$F,2)+COUNTIFS(Olympiade_8!$B:$B, $B8, Olympiade_8!$F:$F,2) -> 0 | E8: =COUNTIFS(Olympiade_1!$B:$B, $B8, Olympiade_1!$F:$F,3)+COUNTIFS(Olympiade_2!$B:$B, $B8, Olympiade_2!$F:$F,3)+COUNTIFS(Olympiade_3!$B:$B, $B8, Olympiade_3!$F:$F,3)+COUNTIFS(Olympiade_4!$B:$B, $B8, Olympiade_4!$F:$F,3)+COUNTIFS(Olympiade_5!$B:$B, $B8, Olympiade_5!$F:$F,3)+COUNTIFS(Olympiade_6!$B:$B, $B8, Olympiade_6!$F:$F,3)+COUNTIFS(Olympiade_7!$B:$B, $B8, Olympiade_7!$F:$F,3)+COUNTIFS(Olympiade_8!$B:$B, $B8, Olympiade_8!$F:$F,3) -> 1 | F8: =SUM(C8,D8,E8) -> 1 | G8: =COUNTIFS(Olympiade_1!$B:$B, $B8, Olympiade_1!$G:$G,1)+COUNTIFS(Olympiade_2!$B:$B, $B8, Olympiade_2!$G:$G,1)+COUNTIFS(Olympiade_3!$B:$B, $B8, Olympiade_3!$G:$G,1)+COUNTIFS(Olympiade_4!$B:$B, $B8, Olympiade_4!$G:$G,1)+COUNTIFS(Olympiade_5!$B:$B, $B8, Olympiade_5!$G:$G,1)+COUNTIFS(Olympiade_6!$B:$B, $B8, Olympiade_6!$G:$G,1)+COUNTIFS(Olympiade_7!$B:$B, $B8, Olympiade_7!$G:$G,1)+COUNTIFS(Olympiade_8!$B:$B, $B8, Olympiade_8!$G:$G,1) -> 2 | H8: =COUNTIFS(Olympiade_1!$B:$B, $B8, Olympiade_1!$G:$G,2)+COUNTIFS(Olympiade_2!$B:$B, $B8, Olympiade_2!$G:$G,2)+COUNTIFS(Olympiade_3!$B:$B, $B8, Olympiade_3!$G:$G,2)+COUNTIFS(Olympiade_4!$B:$B, $B8, Olympiade_4!$G:$G,2)+COUNTIFS(Olympiade_5!$B:$B, $B8, Olympiade_5!$G:$G,2)+COUNTIFS(Olympiade_6!$B:$B, $B8, Olympiade_6!$G:$G,2)+COUNTIFS(Olympiade_7!$B:$B, $B8, Olympiade_7!$G:$G,2)+COUNTIFS(Olympiade_8!$B:$B, $B8, Olympiade_8!$G:$G,2) -> 0 | I8: =COUNTIFS(Olympiade_1!$B:$B, $B8, Olympiade_1!$G:$G,3)+COUNTIFS(Olympiade_2!$B:$B, $B8, Olympiade_2!$G:$G,3)+COUNTIFS(Olympiade_3!$B:$B, $B8, Olympiade_3!$G:$G,3)+COUNTIFS(Olympiade_4!$B:$B, $B8, Olympiade_4!$G:$G,3)+COUNTIFS(Olympiade_5!$B:$B, $B8, Olympiade_5!$G:$G,3)+COUNTIFS(Olympiade_6!$B:$B, $B8, Olympiade_6!$G:$G,3)+COUNTIFS(Olympiade_7!$B:$B, $B8, Olympiade_7!$G:$G,3)+COUNTIFS(Olympiade_8!$B:$B, $B8, Olympiade_8!$G:$G,3) -> 0 | J8: =SUM(G8,H8,I8) -> 2 | K8: =COUNTIFS(Olympiade_1!$B:$B, $B8, Olympiade_1!$H:$H,1)+COUNTIFS(Olympiade_2!$B:$B, $B8, Olympiade_2!$H:$H,1)+COUNTIFS(Olympiade_3!$B:$B, $B8, Olympiade_3!$H:$H,1)+COUNTIFS(Olympiade_4!$B:$B, $B8, Olympiade_4!$H:$H,1)+COUNTIFS(Olympiade_5!$B:$B, $B8, Olympiade_5!$H:$H,1)+COUNTIFS(Olympiade_6!$B:$B, $B8, Olympiade_6!$H:$H,1)+COUNTIFS(Olympiade_7!$B:$B, $B8, Olympiade_7!$H:$H,1)+COUNTIFS(Olympiade_8!$B:$B, $B8, Olympiade_8!$H:$H,1) -> 1 | L8: =COUNTIFS(Olympiade_1!$B:$B, $B8, Olympiade_1!$H:$H,2)+COUNTIFS(Olympiade_2!$B:$B, $B8, Olympiade_2!$H:$H,2)+COUNTIFS(Olympiade_3!$B:$B, $B8, Olympiade_3!$H:$H,2)+COUNTIFS(Olympiade_4!$B:$B, $B8, Olympiade_4!$H:$H,2)+COUNTIFS(Olympiade_5!$B:$B, $B8, Olympiade_5!$H:$H,2)+COUNTIFS(Olympiade_6!$B:$B, $B8, Olympiade_6!$H:$H,2)+COUNTIFS(Olympiade_7!$B:$B, $B8, Olympiade_7!$H:$H,2)+COUNTIFS(Olympiade_8!$B:$B, $B8, Olympiade_8!$H:$H,2) -> 1 | M8: =COUNTIFS(Olympiade_1!$B:$B, $B8, Olympiade_1!$H:$H,3)+COUNTIFS(Olympiade_2!$B:$B, $B8, Olympiade_2!$H:$H,3)+COUNTIFS(Olympiade_3!$B:$B, $B8, Olympiade_3!$H:$H,3)+COUNTIFS(Olympiade_4!$B:$B, $B8, Olympiade_4!$H:$H,3)+COUNTIFS(Olympiade_5!$B:$B, $B8, Olympiade_5!$H:$H,3)+COUNTIFS(Olympiade_6!$B:$B, $B8, Olympiade_6!$H:$H,3)+COUNTIFS(Olympiade_7!$B:$B, $B8, Olympiade_7!$H:$H,3)+COUNTIFS(Olympiade_8!$B:$B, $B8, Olympiade_8!$H:$H,3) -> 0 | N8: =SUM(K8,L8,M8) -> 2 | O8: =COUNTIFS(Olympiade_1!$B:$B, $B8, Olympiade_1!$A:$A,1)+COUNTIFS(Olympiade_2!$B:$B, $B8, Olympiade_2!$A:$A,1)+COUNTIFS(Olympiade_3!$B:$B, $B8, Olympiade_3!$A:$A,1)+COUNTIFS(Olympiade_4!$B:$B, $B8, Olympiade_4!$A:$A,1)+COUNTIFS(Olympiade_5!$B:$B, $B8, Olympiade_5!$A:$A,1)+COUNTIFS(Olympiade_6!$B:$B, $B8, Olympiade_6!$A:$A,1)+COUNTIFS(Olympiade_7!$B:$B, $B8, Olympiade_7!$A:$A,1)+COUNTIFS(Olympiade_8!$B:$B, $B8, Olympiade_8!$A:$A,1) -> 1 | P8: =COUNTIFS(Olympiade_1!$B:$B, $B8, Olympiade_1!$A:$A,2)+COUNTIFS(Olympiade_2!$B:$B, $B8, Olympiade_2!$A:$A,2)+COUNTIFS(Olympiade_3!$B:$B, $B8, Olympiade_3!$A:$A,2)+COUNTIFS(Olympiade_4!$B:$B, $B8, Olympiade_4!$A:$A,2)+COUNTIFS(Olympiade_5!$B:$B, $B8, Olympiade_5!$A:$A,2)+COUNTIFS(Olympiade_6!$B:$B, $B8, Olympiade_6!$A:$A,2)+COUNTIFS(Olympiade_7!$B:$B, $B8, Olympiade_7!$A:$A,2)+COUNTIFS(Olympiade_8!$B:$B, $B8, Olympiade_8!$A:$A,2) -> 1 | Q8: =COUNTIFS(Olympiade_1!$B:$B, $B8, Olympiade_1!$A:$A,3)+COUNTIFS(Olympiade_2!$B:$B, $B8, Olympiade_2!$A:$A,3)+COUNTIFS(Olympiade_3!$B:$B, $B8, Olympiade_3!$A:$A,3)+COUNTIFS(Olympiade_4!$B:$B, $B8, Olympiade_4!$A:$A,3)+COUNTIFS(Olympiade_5!$B:$B, $B8, Olympiade_5!$A:$A,3)+COUNTIFS(Olympiade_6!$B:$B, $B8, Olympiade_6!$A:$A,3)+COUNTIFS(Olympiade_7!$B:$B, $B8, Olympiade_7!$A:$A,3)+COUNTIFS(Olympiade_8!$B:$B, $B8, Olympiade_8!$A:$A,3) -> 0 | R8: =SUM(O8,P8,Q8) -> 2 | S8: =SUM(C8,G8,K8,O8) -> 4 | T8: =SUM(D8,H8,L8,P8) -> 2 | U8: =SUM(E8,I8,M8,Q8) -> 1 | V8: =SUM(S8,T8,U8) -> 7 | W8: =SUMIFS(Database!B:B,Database!A:A,B8) + SUMIFS(Database!F:F,Database!A:A,B8) -> 210 | X8: {=AVERAGE(xlookup(B8, Database!K:K, Database!L:N,NA()))} -> #N/A
A9: 9 | B9: Siggi | C9: =COUNTIFS(Olympiade_1!$B:$B,$B9,Olympiade_1!$F:$F,1)+COUNTIFS(Olympiade_2!$B:$B,$B9,Olympiade_2!$F:$F,1)+COUNTIFS(Olympiade_3!$B:$B,$B9,Olympiade_3!$F:$F,1)+COUNTIFS(Olympiade_4!$B:$B,$B9,Olympiade_4!$F:$F,1)+COUNTIFS(Olympiade_5!$B:$B,$B9,Olympiade_5!$F:$F,1)+COUNTIFS(Olympiade_6!$B:$B,$B9,Olympiade_6!$F:$F,1)+COUNTIFS(Olympiade_7!$B:$B,$B9,Olympiade_7!$F:$F,1)+COUNTIFS(Olympiade_8!$B:$B,$B9,Olympiade_8!$F:$F,1) -> 1 | D9: =COUNTIFS(Olympiade_1!$B:$B, $B9, Olympiade_1!$F:$F,2)+COUNTIFS(Olympiade_2!$B:$B, $B9, Olympiade_2!$F:$F,2)+COUNTIFS(Olympiade_3!$B:$B, $B9, Olympiade_3!$F:$F,2)+COUNTIFS(Olympiade_4!$B:$B, $B9, Olympiade_4!$F:$F,2)+COUNTIFS(Olympiade_5!$B:$B, $B9, Olympiade_5!$F:$F,2)+COUNTIFS(Olympiade_6!$B:$B, $B9, Olympiade_6!$F:$F,2)+COUNTIFS(Olympiade_7!$B:$B, $B9, Olympiade_7!$F:$F,2)+COUNTIFS(Olympiade_8!$B:$B, $B9, Olympiade_8!$F:$F,2) -> 1 | E9: =COUNTIFS(Olympiade_1!$B:$B, $B9, Olympiade_1!$F:$F,3)+COUNTIFS(Olympiade_2!$B:$B, $B9, Olympiade_2!$F:$F,3)+COUNTIFS(Olympiade_3!$B:$B, $B9, Olympiade_3!$F:$F,3)+COUNTIFS(Olympiade_4!$B:$B, $B9, Olympiade_4!$F:$F,3)+COUNTIFS(Olympiade_5!$B:$B, $B9, Olympiade_5!$F:$F,3)+COUNTIFS(Olympiade_6!$B:$B, $B9, Olympiade_6!$F:$F,3)+COUNTIFS(Olympiade_7!$B:$B, $B9, Olympiade_7!$F:$F,3)+COUNTIFS(Olympiade_8!$B:$B, $B9, Olympiade_8!$F:$F,3) -> 0 | F9: =SUM(C9,D9,E9) -> 2 | G9: =COUNTIFS(Olympiade_1!$B:$B, $B9, Olympiade_1!$G:$G,1)+COUNTIFS(Olympiade_2!$B:$B, $B9, Olympiade_2!$G:$G,1)+COUNTIFS(Olympiade_3!$B:$B, $B9, Olympiade_3!$G:$G,1)+COUNTIFS(Olympiade_4!$B:$B, $B9, Olympiade_4!$G:$G,1)+COUNTIFS(Olympiade_5!$B:$B, $B9, Olympiade_5!$G:$G,1)+COUNTIFS(Olympiade_6!$B:$B, $B9, Olympiade_6!$G:$G,1)+COUNTIFS(Olympiade_7!$B:$B, $B9, Olympiade_7!$G:$G,1)+COUNTIFS(Olympiade_8!$B:$B, $B9, Olympiade_8!$G:$G,1) -> 1 | H9: =COUNTIFS(Olympiade_1!$B:$B, $B9, Olympiade_1!$G:$G,2)+COUNTIFS(Olympiade_2!$B:$B, $B9, Olympiade_2!$G:$G,2)+COUNTIFS(Olympiade_3!$B:$B, $B9, Olympiade_3!$G:$G,2)+COUNTIFS(Olympiade_4!$B:$B, $B9, Olympiade_4!$G:$G,2)+COUNTIFS(Olympiade_5!$B:$B, $B9, Olympiade_5!$G:$G,2)+COUNTIFS(Olympiade_6!$B:$B, $B9, Olympiade_6!$G:$G,2)+COUNTIFS(Olympiade_7!$B:$B, $B9, Olympiade_7!$G:$G,2)+COUNTIFS(Olympiade_8!$B:$B, $B9, Olympiade_8!$G:$G,2) -> 0 | I9: =COUNTIFS(Olympiade_1!$B:$B, $B9, Olympiade_1!$G:$G,3)+COUNTIFS(Olympiade_2!$B:$B, $B9, Olympiade_2!$G:$G,3)+COUNTIFS(Olympiade_3!$B:$B, $B9, Olympiade_3!$G:$G,3)+COUNTIFS(Olympiade_4!$B:$B, $B9, Olympiade_4!$G:$G,3)+COUNTIFS(Olympiade_5!$B:$B, $B9, Olympiade_5!$G:$G,3)+COUNTIFS(Olympiade_6!$B:$B, $B9, Olympiade_6!$G:$G,3)+COUNTIFS(Olympiade_7!$B:$B, $B9, Olympiade_7!$G:$G,3)+COUNTIFS(Olympiade_8!$B:$B, $B9, Olympiade_8!$G:$G,3) -> 0 | J9: =SUM(G9,H9,I9) -> 1 | K9: =COUNTIFS(Olympiade_1!$B:$B, $B9, Olympiade_1!$H:$H,1)+COUNTIFS(Olympiade_2!$B:$B, $B9, Olympiade_2!$H:$H,1)+COUNTIFS(Olympiade_3!$B:$B, $B9, Olympiade_3!$H:$H,1)+COUNTIFS(Olympiade_4!$B:$B, $B9, Olympiade_4!$H:$H,1)+COUNTIFS(Olympiade_5!$B:$B, $B9, Olympiade_5!$H:$H,1)+COUNTIFS(Olympiade_6!$B:$B, $B9, Olympiade_6!$H:$H,1)+COUNTIFS(Olympiade_7!$B:$B, $B9, Olympiade_7!$H:$H,1)+COUNTIFS(Olympiade_8!$B:$B, $B9, Olympiade_8!$H:$H,1) -> 0 | L9: =COUNTIFS(Olympiade_1!$B:$B, $B9, Olympiade_1!$H:$H,2)+COUNTIFS(Olympiade_2!$B:$B, $B9, Olympiade_2!$H:$H,2)+COUNTIFS(Olympiade_3!$B:$B, $B9, Olympiade_3!$H:$H,2)+COUNTIFS(Olympiade_4!$B:$B, $B9, Olympiade_4!$H:$H,2)+COUNTIFS(Olympiade_5!$B:$B, $B9, Olympiade_5!$H:$H,2)+COUNTIFS(Olympiade_6!$B:$B, $B9, Olympiade_6!$H:$H,2)+COUNTIFS(Olympiade_7!$B:$B, $B9, Olympiade_7!$H:$H,2)+COUNTIFS(Olympiade_8!$B:$B, $B9, Olympiade_8!$H:$H,2) -> 0 | M9: =COUNTIFS(Olympiade_1!$B:$B, $B9, Olympiade_1!$H:$H,3)+COUNTIFS(Olympiade_2!$B:$B, $B9, Olympiade_2!$H:$H,3)+COUNTIFS(Olympiade_3!$B:$B, $B9, Olympiade_3!$H:$H,3)+COUNTIFS(Olympiade_4!$B:$B, $B9, Olympiade_4!$H:$H,3)+COUNTIFS(Olympiade_5!$B:$B, $B9, Olympiade_5!$H:$H,3)+COUNTIFS(Olympiade_6!$B:$B, $B9, Olympiade_6!$H:$H,3)+COUNTIFS(Olympiade_7!$B:$B, $B9, Olympiade_7!$H:$H,3)+COUNTIFS(Olympiade_8!$B:$B, $B9, Olympiade_8!$H:$H,3) -> 1 | N9: =SUM(K9,L9,M9) -> 1 | O9: =COUNTIFS(Olympiade_1!$B:$B, $B9, Olympiade_1!$A:$A,1)+COUNTIFS(Olympiade_2!$B:$B, $B9, Olympiade_2!$A:$A,1)+COUNTIFS(Olympiade_3!$B:$B, $B9, Olympiade_3!$A:$A,1)+COUNTIFS(Olympiade_4!$B:$B, $B9, Olympiade_4!$A:$A,1)+COUNTIFS(Olympiade_5!$B:$B, $B9, Olympiade_5!$A:$A,1)+COUNTIFS(Olympiade_6!$B:$B, $B9, Olympiade_6!$A:$A,1)+COUNTIFS(Olympiade_7!$B:$B, $B9, Olympiade_7!$A:$A,1)+COUNTIFS(Olympiade_8!$B:$B, $B9, Olympiade_8!$A:$A,1) -> 1 | P9: =COUNTIFS(Olympiade_1!$B:$B, $B9, Olympiade_1!$A:$A,2)+COUNTIFS(Olympiade_2!$B:$B, $B9, Olympiade_2!$A:$A,2)+COUNTIFS(Olympiade_3!$B:$B, $B9, Olympiade_3!$A:$A,2)+COUNTIFS(Olympiade_4!$B:$B, $B9, Olympiade_4!$A:$A,2)+COUNTIFS(Olympiade_5!$B:$B, $B9, Olympiade_5!$A:$A,2)+COUNTIFS(Olympiade_6!$B:$B, $B9, Olympiade_6!$A:$A,2)+COUNTIFS(Olympiade_7!$B:$B, $B9, Olympiade_7!$A:$A,2)+COUNTIFS(Olympiade_8!$B:$B, $B9, Olympiade_8!$A:$A,2) -> 1 | Q9: =COUNTIFS(Olympiade_1!$B:$B, $B9, Olympiade_1!$A:$A,3)+COUNTIFS(Olympiade_2!$B:$B, $B9, Olympiade_2!$A:$A,3)+COUNTIFS(Olympiade_3!$B:$B, $B9, Olympiade_3!$A:$A,3)+COUNTIFS(Olympiade_4!$B:$B, $B9, Olympiade_4!$A:$A,3)+COUNTIFS(Olympiade_5!$B:$B, $B9, Olympiade_5!$A:$A,3)+COUNTIFS(Olympiade_6!$B:$B, $B9, Olympiade_6!$A:$A,3)+COUNTIFS(Olympiade_7!$B:$B, $B9, Olympiade_7!$A:$A,3)+COUNTIFS(Olympiade_8!$B:$B, $B9, Olympiade_8!$A:$A,3) -> 0 | R9: =SUM(O9,P9,Q9) -> 2 | S9: =SUM(C9,G9,K9,O9) -> 3 | T9: =SUM(D9,H9,L9,P9) -> 2 | U9: =SUM(E9,I9,M9,Q9) -> 1 | V9: =SUM(S9,T9,U9) -> 6 | W9: =SUMIFS(Database!B:B,Database!A:A,B9) + SUMIFS(Database!F:F,Database!A:A,B9) -> 160 | X9: {=AVERAGE(xlookup(B9, Database!K:K, Database!L:N,NA()))} -> #N/A
A10: 10 | B10: Carl | C10: =COUNTIFS(Olympiade_1!$B:$B,$B10,Olympiade_1!$F:$F,1)+COUNTIFS(Olympiade_2!$B:$B,$B10,Olympiade_2!$F:$F,1)+COUNTIFS(Olympiade_3!$B:$B,$B10,Olympiade_3!$F:$F,1)+COUNTIFS(Olympiade_4!$B:$B,$B10,Olympiade_4!$F:$F,1)+COUNTIFS(Olympiade_5!$B:$B,$B10,Olympiade_5!$F:$F,1)+COUNTIFS(Olympiade_6!$B:$B,$B10,Olympiade_6!$F:$F,1)+COUNTIFS(Olympiade_7!$B:$B,$B10,Olympiade_7!$F:$F,1)+COUNTIFS(Olympiade_8!$B:$B,$B10,Olympiade_8!$F:$F,1) -> 0 | D10: =COUNTIFS(Olympiade_1!$B:$B, $B10, Olympiade_1!$F:$F,2)+COUNTIFS(Olympiade_2!$B:$B, $B10, Olympiade_2!$F:$F,2)+COUNTIFS(Olympiade_3!$B:$B, $B10, Olympiade_3!$F:$F,2)+COUNTIFS(Olympiade_4!$B:$B, $B10, Olympiade_4!$F:$F,2)+COUNTIFS(Olympiade_5!$B:$B, $B10, Olympiade_5!$F:$F,2)+COUNTIFS(Olympiade_6!$B:$B, $B10, Olympiade_6!$F:$F,2)+COUNTIFS(Olympiade_7!$B:$B, $B10, Olympiade_7!$F:$F,2)+COUNTIFS(Olympiade_8!$B:$B, $B10, Olympiade_8!$F:$F,2) -> 0 | E10: =COUNTIFS(Olympiade_1!$B:$B, $B10, Olympiade_1!$F:$F,3)+COUNTIFS(Olympiade_2!$B:$B, $B10, Olympiade_2!$F:$F,3)+COUNTIFS(Olympiade_3!$B:$B, $B10, Olympiade_3!$F:$F,3)+COUNTIFS(Olympiade_4!$B:$B, $B10, Olympiade_4!$F:$F,3)+COUNTIFS(Olympiade_5!$B:$B, $B10, Olympiade_5!$F:$F,3)+COUNTIFS(Olympiade_6!$B:$B, $B10, Olympiade_6!$F:$F,3)+COUNTIFS(Olympiade_7!$B:$B, $B10, Olympiade_7!$F:$F,3)+COUNTIFS(Olympiade_8!$B:$B, $B10, Olympiade_8!$F:$F,3) -> 1 | F10: =SUM(C10,D10,E10) -> 1 | G10: =COUNTIFS(Olympiade_1!$B:$B, $B10, Olympiade_1!$G:$G,1)+COUNTIFS(Olympiade_2!$B:$B, $B10, Olympiade_2!$G:$G,1)+COUNTIFS(Olympiade_3!$B:$B, $B10, Olympiade_3!$G:$G,1)+COUNTIFS(Olympiade_4!$B:$B, $B10, Olympiade_4!$G:$G,1)+COUNTIFS(Olympiade_5!$B:$B, $B10, Olympiade_5!$G:$G,1)+COUNTIFS(Olympiade_6!$B:$B, $B10, Olympiade_6!$G:$G,1)+COUNTIFS(Olympiade_7!$B:$B, $B10, Olympiade_7!$G:$G,1)+COUNTIFS(Olympiade_8!$B:$B, $B10, Olympiade_8!$G:$G,1) -> 1 | H10: =COUNTIFS(Olympiade_1!$B:$B, $B10, Olympiade_1!$G:$G,2)+COUNTIFS(Olympiade_2!$B:$B, $B10, Olympiade_2!$G:$G,2)+COUNTIFS(Olympiade_3!$B:$B, $B10, Olympiade_3!$G:$G,2)+COUNTIFS(Olympiade_4!$B:$B, $B10, Olympiade_4!$G:$G,2)+COUNTIFS(Olympiade_5!$B:$B, $B10, Olympiade_5!$G:$G,2)+COUNTIFS(Olympiade_6!$B:$B, $B10, Olympiade_6!$G:$G,2)+COUNTIFS(Olympiade_7!$B:$B, $B10, Olympiade_7!$G:$G,2)+COUNTIFS(Olympiade_8!$B:$B, $B10, Olympiade_8!$G:$G,2) -> 0 | I10: =COUNTIFS(Olympiade_1!$B:$B, $B10, Olympiade_1!$G:$G,3)+COUNTIFS(Olympiade_2!$B:$B, $B10, Olympiade_2!$G:$G,3)+COUNTIFS(Olympiade_3!$B:$B, $B10, Olympiade_3!$G:$G,3)+COUNTIFS(Olympiade_4!$B:$B, $B10, Olympiade_4!$G:$G,3)+COUNTIFS(Olympiade_5!$B:$B, $B10, Olympiade_5!$G:$G,3)+COUNTIFS(Olympiade_6!$B:$B, $B10, Olympiade_6!$G:$G,3)+COUNTIFS(Olympiade_7!$B:$B, $B10, Olympiade_7!$G:$G,3)+COUNTIFS(Olympiade_8!$B:$B, $B10, Olympiade_8!$G:$G,3) -> 0 | J10: =SUM(G10,H10,I10) -> 1 | K10: =COUNTIFS(Olympiade_1!$B:$B, $B10, Olympiade_1!$H:$H,1)+COUNTIFS(Olympiade_2!$B:$B, $B10, Olympiade_2!$H:$H,1)+COUNTIFS(Olympiade_3!$B:$B, $B10, Olympiade_3!$H:$H,1)+COUNTIFS(Olympiade_4!$B:$B, $B10, Olympiade_4!$H:$H,1)+COUNTIFS(Olympiade_5!$B:$B, $B10, Olympiade_5!$H:$H,1)+COUNTIFS(Olympiade_6!$B:$B, $B10, Olympiade_6!$H:$H,1)+COUNTIFS(Olympiade_7!$B:$B, $B10, Olympiade_7!$H:$H,1)+COUNTIFS(Olympiade_8!$B:$B, $B10, Olympiade_8!$H:$H,1) -> 0 | L10: =COUNTIFS(Olympiade_1!$B:$B, $B10, Olympiade_1!$H:$H,2)+COUNTIFS(Olympiade_2!$B:$B, $B10, Olympiade_2!$H:$H,2)+COUNTIFS(Olympiade_3!$B:$B, $B10, Olympiade_3!$H:$H,2)+COUNTIFS(Olympiade_4!$B:$B, $B10, Olympiade_4!$H:$H,2)+COUNTIFS(Olympiade_5!$B:$B, $B10, Olympiade_5!$H:$H,2)+COUNTIFS(Olympiade_6!$B:$B, $B10, Olympiade_6!$H:$H,2)+COUNTIFS(Olympiade_7!$B:$B, $B10, Olympiade_7!$H:$H,2)+COUNTIFS(Olympiade_8!$B:$B, $B10, Olympiade_8!$H:$H,2) -> 1 | M10: =COUNTIFS(Olympiade_1!$B:$B, $B10, Olympiade_1!$H:$H,3)+COUNTIFS(Olympiade_2!$B:$B, $B10, Olympiade_2!$H:$H,3)+COUNTIFS(Olympiade_3!$B:$B, $B10, Olympiade_3!$H:$H,3)+COUNTIFS(Olympiade_4!$B:$B, $B10, Olympiade_4!$H:$H,3)+COUNTIFS(Olympiade_5!$B:$B, $B10, Olympiade_5!$H:$H,3)+COUNTIFS(Olympiade_6!$B:$B, $B10, Olympiade_6!$H:$H,3)+COUNTIFS(Olympiade_7!$B:$B, $B10, Olympiade_7!$H:$H,3)+COUNTIFS(Olympiade_8!$B:$B, $B10, Olympiade_8!$H:$H,3) -> 1 | N10: =SUM(K10,L10,M10) -> 2 | O10: =COUNTIFS(Olympiade_1!$B:$B, $B10, Olympiade_1!$A:$A,1)+COUNTIFS(Olympiade_2!$B:$B, $B10, Olympiade_2!$A:$A,1)+COUNTIFS(Olympiade_3!$B:$B, $B10, Olympiade_3!$A:$A,1)+COUNTIFS(Olympiade_4!$B:$B, $B10, Olympiade_4!$A:$A,1)+COUNTIFS(Olympiade_5!$B:$B, $B10, Olympiade_5!$A:$A,1)+COUNTIFS(Olympiade_6!$B:$B, $B10, Olympiade_6!$A:$A,1)+COUNTIFS(Olympiade_7!$B:$B, $B10, Olympiade_7!$A:$A,1)+COUNTIFS(Olympiade_8!$B:$B, $B10, Olympiade_8!$A:$A,1) -> 1 | P10: =COUNTIFS(Olympiade_1!$B:$B, $B10, Olympiade_1!$A:$A,2)+COUNTIFS(Olympiade_2!$B:$B, $B10, Olympiade_2!$A:$A,2)+COUNTIFS(Olympiade_3!$B:$B, $B10, Olympiade_3!$A:$A,2)+COUNTIFS(Olympiade_4!$B:$B, $B10, Olympiade_4!$A:$A,2)+COUNTIFS(Olympiade_5!$B:$B, $B10, Olympiade_5!$A:$A,2)+COUNTIFS(Olympiade_6!$B:$B, $B10, Olympiade_6!$A:$A,2)+COUNTIFS(Olympiade_7!$B:$B, $B10, Olympiade_7!$A:$A,2)+COUNTIFS(Olympiade_8!$B:$B, $B10, Olympiade_8!$A:$A,2) -> 0 | Q10: =COUNTIFS(Olympiade_1!$B:$B, $B10, Olympiade_1!$A:$A,3)+COUNTIFS(Olympiade_2!$B:$B, $B10, Olympiade_2!$A:$A,3)+COUNTIFS(Olympiade_3!$B:$B, $B10, Olympiade_3!$A:$A,3)+COUNTIFS(Olympiade_4!$B:$B, $B10, Olympiade_4!$A:$A,3)+COUNTIFS(Olympiade_5!$B:$B, $B10, Olympiade_5!$A:$A,3)+COUNTIFS(Olympiade_6!$B:$B, $B10, Olympiade_6!$A:$A,3)+COUNTIFS(Olympiade_7!$B:$B, $B10, Olympiade_7!$A:$A,3)+COUNTIFS(Olympiade_8!$B:$B, $B10, Olympiade_8!$A:$A,3) -> 1 | R10: =SUM(O10,P10,Q10) -> 2 | S10: =SUM(C10,G10,K10,O10) -> 2 | T10: =SUM(D10,H10,L10,P10) -> 1 | U10: =SUM(E10,I10,M10,Q10) -> 3 | V10: =SUM(S10,T10,U10) -> 6 | W10: =SUMIFS(Database!B:B,Database!A:A,B10) + SUMIFS(Database!F:F,Database!A:A,B10) -> 160 | X10: {=AVERAGE(xlookup(B10, Database!K:K, Database!L:N,NA()))} -> #N/A
A11: 23 | B11: Anton | C11: =COUNTIFS(Olympiade_1!$B:$B,$B11,Olympiade_1!$F:$F,1)+COUNTIFS(Olympiade_2!$B:$B,$B11,Olympiade_2!$F:$F,1)+COUNTIFS(Olympiade_3!$B:$B,$B11,Olympiade_3!$F:$F,1)+COUNTIFS(Olympiade_4!$B:$B,$B11,Olympiade_4!$F:$F,1)+COUNTIFS(Olympiade_5!$B:$B,$B11,Olympiade_5!$F:$F,1)+COUNTIFS(Olympiade_6!$B:$B,$B11,Olympiade_6!$F:$F,1)+COUNTIFS(Olympiade_7!$B:$B,$B11,Olympiade_7!$F:$F,1)+COUNTIFS(Olympiade_8!$B:$B,$B11,Olympiade_8!$F:$F,1) -> 0 | D11: =COUNTIFS(Olympiade_1!$B:$B, $B11, Olympiade_1!$F:$F,2)+COUNTIFS(Olympiade_2!$B:$B, $B11, Olympiade_2!$F:$F,2)+COUNTIFS(Olympiade_3!$B:$B, $B11, Olympiade_3!$F:$F,2)+COUNTIFS(Olympiade_4!$B:$B, $B11, Olympiade_4!$F:$F,2)+COUNTIFS(Olympiade_5!$B:$B, $B11, Olympiade_5!$F:$F,2)+COUNTIFS(Olympiade_6!$B:$B, $B11, Olympiade_6!$F:$F,2)+COUNTIFS(Olympiade_7!$B:$B, $B11, Olympiade_7!$F:$F,2)+COUNTIFS(Olympiade_8!$B:$B, $B11, Olympiade_8!$F:$F,2) -> 1 | E11: =COUNTIFS(Olympiade_1!$B:$B, $B11, Olympiade_1!$F:$F,3)+COUNTIFS(Olympiade_2!$B:$B, $B11, Olympiade_2!$F:$F,3)+COUNTIFS(Olympiade_3!$B:$B, $B11, Olympiade_3!$F:$F,3)+COUNTIFS(Olympiade_4!$B:$B, $B11, Olympiade_4!$F:$F,3)+COUNTIFS(Olympiade_5!$B:$B, $B11, Olympiade_5!$F:$F,3)+COUNTIFS(Olympiade_6!$B:$B, $B11, Olympiade_6!$F:$F,3)+COUNTIFS(Olympiade_7!$B:$B, $B11, Olympiade_7!$F:$F,3)+COUNTIFS(Olympiade_8!$B:$B, $B11, Olympiade_8!$F:$F,3) -> 0 | F11: =SUM(C11,D11,E11) -> 1 | G11: =COUNTIFS(Olympiade_1!$B:$B, $B11, Olympiade_1!$G:$G,1)+COUNTIFS(Olympiade_2!$B:$B, $B11, Olympiade_2!$G:$G,1)+COUNTIFS(Olympiade_3!$B:$B, $B11, Olympiade_3!$G:$G,1)+COUNTIFS(Olympiade_4!$B:$B, $B11, Olympiade_4!$G:$G,1)+COUNTIFS(Olympiade_5!$B:$B, $B11, Olympiade_5!$G:$G,1)+COUNTIFS(Olympiade_6!$B:$B, $B11, Olympiade_6!$G:$G,1)+COUNTIFS(Olympiade_7!$B:$B, $B11, Olympiade_7!$G:$G,1)+COUNTIFS(Olympiade_8!$B:$B, $B11, Olympiade_8!$G:$G,1) -> 0 | H11: =COUNTIFS(Olympiade_1!$B:$B, $B11, Olympiade_1!$G:$G,2)+COUNTIFS(Olympiade_2!$B:$B, $B11, Olympiade_2!$G:$G,2)+COUNTIFS(Olympiade_3!$B:$B, $B11, Olympiade_3!$G:$G,2)+COUNTIFS(Olympiade_4!$B:$B, $B11, Olympiade_4!$G:$G,2)+COUNTIFS(Olympiade_5!$B:$B, $B11, Olympiade_5!$G:$G,2)+COUNTIFS(Olympiade_6!$B:$B, $B11, Olympiade_6!$G:$G,2)+COUNTIFS(Olympiade_7!$B:$B, $B11, Olympiade_7!$G:$G,2)+COUNTIFS(Olympiade_8!$B:$B, $B11, Olympiade_8!$G:$G,2) -> 2 | I11: =COUNTIFS(Olympiade_1!$B:$B, $B11, Olympiade_1!$G:$G,3)+COUNTIFS(Olympiade_2!$B:$B, $B11, Olympiade_2!$G:$G,3)+COUNTIFS(Olympiade_3!$B:$B, $B11, Olympiade_3!$G:$G,3)+COUNTIFS(Olympiade_4!$B:$B, $B11, Olympiade_4!$G:$G,3)+COUNTIFS(Olympiade_5!$B:$B, $B11, Olympiade_5!$G:$G,3)+COUNTIFS(Olympiade_6!$B:$B, $B11, Olympiade_6!$G:$G,3)+COUNTIFS(Olympiade_7!$B:$B, $B11, Olympiade_7!$G:$G,3)+COUNTIFS(Olympiade_8!$B:$B, $B11, Olympiade_8!$G:$G,3) -> 0 | J11: =SUM(G11,H11,I11) -> 2 | K11: =COUNTIFS(Olympiade_1!$B:$B, $B11, Olympiade_1!$H:$H,1)+COUNTIFS(Olympiade_2!$B:$B, $B11, Olympiade_2!$H:$H,1)+COUNTIFS(Olympiade_3!$B:$B, $B11, Olympiade_3!$H:$H,1)+COUNTIFS(Olympiade_4!$B:$B, $B11, Olympiade_4!$H:$H,1)+COUNTIFS(Olympiade_5!$B:$B, $B11, Olympiade_5!$H:$H,1)+COUNTIFS(Olympiade_6!$B:$B, $B11, Olympiade_6!$H:$H,1)+COUNTIFS(Olympiade_7!$B:$B, $B11, Olympiade_7!$H:$H,1)+COUNTIFS(Olympiade_8!$B:$B, $B11, Olympiade_8!$H:$H,1) -> 1 | L11: =COUNTIFS(Olympiade_1!$B:$B, $B11, Olympiade_1!$H:$H,2)+COUNTIFS(Olympiade_2!$B:$B, $B11, Olympiade_2!$H:$H,2)+COUNTIFS(Olympiade_3!$B:$B, $B11, Olympiade_3!$H:$H,2)+COUNTIFS(Olympiade_4!$B:$B, $B11, Olympiade_4!$H:$H,2)+COUNTIFS(Olympiade_5!$B:$B, $B11, Olympiade_5!$H:$H,2)+COUNTIFS(Olympiade_6!$B:$B, $B11, Olympiade_6!$H:$H,2)+COUNTIFS(Olympiade_7!$B:$B, $B11, Olympiade_7!$H:$H,2)+COUNTIFS(Olympiade_8!$B:$B, $B11, Olympiade_8!$H:$H,2) -> 0 | M11: =COUNTIFS(Olympiade_1!$B:$B, $B11, Olympiade_1!$H:$H,3)+COUNTIFS(Olympiade_2!$B:$B, $B11, Olympiade_2!$H:$H,3)+COUNTIFS(Olympiade_3!$B:$B, $B11, Olympiade_3!$H:$H,3)+COUNTIFS(Olympiade_4!$B:$B, $B11, Olympiade_4!$H:$H,3)+COUNTIFS(Olympiade_5!$B:$B, $B11, Olympiade_5!$H:$H,3)+COUNTIFS(Olympiade_6!$B:$B, $B11, Olympiade_6!$H:$H,3)+COUNTIFS(Olympiade_7!$B:$B, $B11, Olympiade_7!$H:$H,3)+COUNTIFS(Olympiade_8!$B:$B, $B11, Olympiade_8!$H:$H,3) -> 1 | N11: =SUM(K11,L11,M11) -> 2 | O11: =COUNTIFS(Olympiade_1!$B:$B, $B11, Olympiade_1!$A:$A,1)+COUNTIFS(Olympiade_2!$B:$B, $B11, Olympiade_2!$A:$A,1)+COUNTIFS(Olympiade_3!$B:$B, $B11, Olympiade_3!$A:$A,1)+COUNTIFS(Olympiade_4!$B:$B, $B11, Olympiade_4!$A:$A,1)+COUNTIFS(Olympiade_5!$B:$B, $B11, Olympiade_5!$A:$A,1)+COUNTIFS(Olympiade_6!$B:$B, $B11, Olympiade_6!$A:$A,1)+COUNTIFS(Olympiade_7!$B:$B, $B11, Olympiade_7!$A:$A,1)+COUNTIFS(Olympiade_8!$B:$B, $B11, Olympiade_8!$A:$A,1) -> 1 | P11: =COUNTIFS(Olympiade_1!$B:$B, $B11, Olympiade_1!$A:$A,2)+COUNTIFS(Olympiade_2!$B:$B, $B11, Olympiade_2!$A:$A,2)+COUNTIFS(Olympiade_3!$B:$B, $B11, Olympiade_3!$A:$A,2)+COUNTIFS(Olympiade_4!$B:$B, $B11, Olympiade_4!$A:$A,2)+COUNTIFS(Olympiade_5!$B:$B, $B11, Olympiade_5!$A:$A,2)+COUNTIFS(Olympiade_6!$B:$B, $B11, Olympiade_6!$A:$A,2)+COUNTIFS(Olympiade_7!$B:$B, $B11, Olympiade_7!$A:$A,2)+COUNTIFS(Olympiade_8!$B:$B, $B11, Olympiade_8!$A:$A,2) -> 0 | Q11: =COUNTIFS(Olympiade_1!$B:$B, $B11, Olympiade_1!$A:$A,3)+COUNTIFS(Olympiade_2!$B:$B, $B11, Olympiade_2!$A:$A,3)+COUNTIFS(Olympiade_3!$B:$B, $B11, Olympiade_3!$A:$A,3)+COUNTIFS(Olympiade_4!$B:$B, $B11, Olympiade_4!$A:$A,3)+COUNTIFS(Olympiade_5!$B:$B, $B11, Olympiade_5!$A:$A,3)+COUNTIFS(Olympiade_6!$B:$B, $B11, Olympiade_6!$A:$A,3)+COUNTIFS(Olympiade_7!$B:$B, $B11, Olympiade_7!$A:$A,3)+COUNTIFS(Olympiade_8!$B:$B, $B11, Olympiade_8!$A:$A,3) -> 0 | R11: =SUM(O11,P11,Q11) -> 1 | S11: =SUM(C11,G11,K11,O11) -> 2 | T11: =SUM(D11,H11,L11,P11) -> 3 | U11: =SUM(E11,I11,M11,Q11) -> 1 | V11: =SUM(S11,T11,U11) -> 6 | W11: =SUMIFS(Database!B:B,Database!A:A,B11) + SUMIFS(Database!F:F,Database!A:A,B11) -> 70 | X11: {=AVERAGE(xlookup(B11, Database!K:K, Database!L:N,NA()))} -> #N/A
A12: 1 | B12: Jonas | C12: =COUNTIFS(Olympiade_1!$B:$B,$B12,Olympiade_1!$F:$F,1)+COUNTIFS(Olympiade_2!$B:$B,$B12,Olympiade_2!$F:$F,1)+COUNTIFS(Olympiade_3!$B:$B,$B12,Olympiade_3!$F:$F,1)+COUNTIFS(Olympiade_4!$B:$B,$B12,Olympiade_4!$F:$F,1)+COUNTIFS(Olympiade_5!$B:$B,$B12,Olympiade_5!$F:$F,1)+COUNTIFS(Olympiade_6!$B:$B,$B12,Olympiade_6!$F:$F,1)+COUNTIFS(Olympiade_7!$B:$B,$B12,Olympiade_7!$F:$F,1)+COUNTIFS(Olympiade_8!$B:$B,$B12,Olympiade_8!$F:$F,1) -> 1 | D12: =COUNTIFS(Olympiade_1!$B:$B, $B12, Olympiade_1!$F:$F,2)+COUNTIFS(Olympiade_2!$B:$B, $B12, Olympiade_2!$F:$F,2)+COUNTIFS(Olympiade_3!$B:$B, $B12, Olympiade_3!$F:$F,2)+COUNTIFS(Olympiade_4!$B:$B, $B12, Olympiade_4!$F:$F,2)+COUNTIFS(Olympiade_5!$B:$B, $B12, Olympiade_5!$F:$F,2)+COUNTIFS(Olympiade_6!$B:$B, $B12, Olympiade_6!$F:$F,2)+COUNTIFS(Olympiade_7!$B:$B, $B12, Olympiade_7!$F:$F,2)+COUNTIFS(Olympiade_8!$B:$B, $B12, Olympiade_8!$F:$F,2) -> 3 | E12: =COUNTIFS(Olympiade_1!$B:$B, $B12, Olympiade_1!$F:$F,3)+COUNTIFS(Olympiade_2!$B:$B, $B12, Olympiade_2!$F:$F,3)+COUNTIFS(Olympiade_3!$B:$B, $B12, Olympiade_3!$F:$F,3)+COUNTIFS(Olympiade_4!$B:$B, $B12, Olympiade_4!$F:$F,3)+COUNTIFS(Olympiade_5!$B:$B, $B12, Olympiade_5!$F:$F,3)+COUNTIFS(Olympiade_6!$B:$B, $B12, Olympiade_6!$F:$F,3)+COUNTIFS(Olympiade_7!$B:$B, $B12, Olympiade_7!$F:$F,3)+COUNTIFS(Olympiade_8!$B:$B, $B12, Olympiade_8!$F:$F,3) -> 0 | F12: =SUM(C12,D12,E12) -> 4 | G12: =COUNTIFS(Olympiade_1!$B:$B, $B12, Olympiade_1!$G:$G,1)+COUNTIFS(Olympiade_2!$B:$B, $B12, Olympiade_2!$G:$G,1)+COUNTIFS(Olympiade_3!$B:$B, $B12, Olympiade_3!$G:$G,1)+COUNTIFS(Olympiade_4!$B:$B, $B12, Olympiade_4!$G:$G,1)+COUNTIFS(Olympiade_5!$B:$B, $B12, Olympiade_5!$G:$G,1)+COUNTIFS(Olympiade_6!$B:$B, $B12, Olympiade_6!$G:$G,1)+COUNTIFS(Olympiade_7!$B:$B, $B12, Olympiade_7!$G:$G,1)+COUNTIFS(Olympiade_8!$B:$B, $B12, Olympiade_8!$G:$G,1) -> 2 | H12: =COUNTIFS(Olympiade_1!$B:$B, $B12, Olympiade_1!$G:$G,2)+COUNTIFS(Olympiade_2!$B:$B, $B12, Olympiade_2!$G:$G,2)+COUNTIFS(Olympiade_3!$B:$B, $B12, Olympiade_3!$G:$G,2)+COUNTIFS(Olympiade_4!$B:$B, $B12, Olympiade_4!$G:$G,2)+COUNTIFS(Olympiade_5!$B:$B, $B12, Olympiade_5!$G:$G,2)+COUNTIFS(Olympiade_6!$B:$B, $B12, Olympiade_6!$G:$G,2)+COUNTIFS(Olympiade_7!$B:$B, $B12, Olympiade_7!$G:$G,2)+COUNTIFS(Olympiade_8!$B:$B, $B12, Olympiade_8!$G:$G,2) -> 1 | I12: =COUNTIFS(Olympiade_1!$B:$B, $B12, Olympiade_1!$G:$G,3)+COUNTIFS(Olympiade_2!$B:$B, $B12, Olympiade_2!$G:$G,3)+COUNTIFS(Olympiade_3!$B:$B, $B12, Olympiade_3!$G:$G,3)+COUNTIFS(Olympiade_4!$B:$B, $B12, Olympiade_4!$G:$G,3)+COUNTIFS(Olympiade_5!$B:$B, $B12, Olympiade_5!$G:$G,3)+COUNTIFS(Olympiade_6!$B:$B, $B12, Olympiade_6!$G:$G,3)+COUNTIFS(Olympiade_7!$B:$B, $B12, Olympiade_7!$G:$G,3)+COUNTIFS(Olympiade_8!$B:$B, $B12, Olympiade_8!$G:$G,3) -> 2 | J12: =SUM(G12,H12,I12) -> 5 | K12: =COUNTIFS(Olympiade_1!$B:$B, $B12, Olympiade_1!$H:$H,1)+COUNTIFS(Olympiade_2!$B:$B, $B12, Olympiade_2!$H:$H,1)+COUNTIFS(Olympiade_3!$B:$B, $B12, Olympiade_3!$H:$H,1)+COUNTIFS(Olympiade_4!$B:$B, $B12, Olympiade_4!$H:$H,1)+COUNTIFS(Olympiade_5!$B:$B, $B12, Olympiade_5!$H:$H,1)+COUNTIFS(Olympiade_6!$B:$B, $B12, Olympiade_6!$H:$H,1)+COUNTIFS(Olympiade_7!$B:$B, $B12, Olympiade_7!$H:$H,1)+COUNTIFS(Olympiade_8!$B:$B, $B12, Olympiade_8!$H:$H,1) -> 1 | L12: =COUNTIFS(Olympiade_1!$B:$B, $B12, Olympiade_1!$H:$H,2)+COUNTIFS(Olympiade_2!$B:$B, $B12, Olympiade_2!$H:$H,2)+COUNTIFS(Olympiade_3!$B:$B, $B12, Olympiade_3!$H:$H,2)+COUNTIFS(Olympiade_4!$B:$B, $B12, Olympiade_4!$H:$H,2)+COUNTIFS(Olympiade_5!$B:$B, $B12, Olympiade_5!$H:$H,2)+COUNTIFS(Olympiade_6!$B:$B, $B12, Olympiade_6!$H:$H,2)+COUNTIFS(Olympiade_7!$B:$B, $B12, Olympiade_7!$H:$H,2)+COUNTIFS(Olympiade_8!$B:$B, $B12, Olympiade_8!$H:$H,2) -> 1 | M12: =COUNTIFS(Olympiade_1!$B:$B, $B12, Olympiade_1!$H:$H,3)+COUNTIFS(Olympiade_2!$B:$B, $B12, Olympiade_2!$H:$H,3)+COUNTIFS(Olympiade_3!$B:$B, $B12, Olympiade_3!$H:$H,3)+COUNTIFS(Olympiade_4!$B:$B, $B12, Olympiade_4!$H:$H,3)+COUNTIFS(Olympiade_5!$B:$B, $B12, Olympiade_5!$H:$H,3)+COUNTIFS(Olympiade_6!$B:$B, $B12, Olympiade_6!$H:$H,3)+COUNTIFS(Olympiade_7!$B:$B, $B12, Olympiade_7!$H:$H,3)+COUNTIFS(Olympiade_8!$B:$B, $B12, Olympiade_8!$H:$H,3) -> 0 | N12: =SUM(K12,L12,M12) -> 2 | O12: =COUNTIFS(Olympiade_1!$B:$B, $B12, Olympiade_1!$A:$A,1)+COUNTIFS(Olympiade_2!$B:$B, $B12, Olympiade_2!$A:$A,1)+COUNTIFS(Olympiade_3!$B:$B, $B12, Olympiade_3!$A:$A,1)+COUNTIFS(Olympiade_4!$B:$B, $B12, Olympiade_4!$A:$A,1)+COUNTIFS(Olympiade_5!$B:$B, $B12, Olympiade_5!$A:$A,1)+COUNTIFS(Olympiade_6!$B:$B, $B12, Olympiade_6!$A:$A,1)+COUNTIFS(Olympiade_7!$B:$B, $B12, Olympiade_7!$A:$A,1)+COUNTIFS(Olympiade_8!$B:$B, $B12, Olympiade_8!$A:$A,1) -> 0 | P12: =COUNTIFS(Olympiade_1!$B:$B, $B12, Olympiade_1!$A:$A,2)+COUNTIFS(Olympiade_2!$B:$B, $B12, Olympiade_2!$A:$A,2)+COUNTIFS(Olympiade_3!$B:$B, $B12, Olympiade_3!$A:$A,2)+COUNTIFS(Olympiade_4!$B:$B, $B12, Olympiade_4!$A:$A,2)+COUNTIFS(Olympiade_5!$B:$B, $B12, Olympiade_5!$A:$A,2)+COUNTIFS(Olympiade_6!$B:$B, $B12, Olympiade_6!$A:$A,2)+COUNTIFS(Olympiade_7!$B:$B, $B12, Olympiade_7!$A:$A,2)+COUNTIFS(Olympiade_8!$B:$B, $B12, Olympiade_8!$A:$A,2) -> 4 | Q12: =COUNTIFS(Olympiade_1!$B:$B, $B12, Olympiade_1!$A:$A,3)+COUNTIFS(Olympiade_2!$B:$B, $B12, Olympiade_2!$A:$A,3)+COUNTIFS(Olympiade_3!$B:$B, $B12, Olympiade_3!$A:$A,3)+COUNTIFS(Olympiade_4!$B:$B, $B12, Olympiade_4!$A:$A,3)+COUNTIFS(Olympiade_5!$B:$B, $B12, Olympiade_5!$A:$A,3)+COUNTIFS(Olympiade_6!$B:$B, $B12, Olympiade_6!$A:$A,3)+COUNTIFS(Olympiade_7!$B:$B, $B12, Olympiade_7!$A:$A,3)+COUNTIFS(Olympiade_8!$B:$B, $B12, Olympiade_8!$A:$A,3) -> 2 | R12: =SUM(O12,P12,Q12) -> 6 | S12: =SUM(C12,G12,K12,O12) -> 4 | T12: =SUM(D12,H12,L12,P12) -> 9 | U12: =SUM(E12,I12,M12,Q12) -> 4 | V12: =SUM(S12,T12,U12) -> 17 | W12: =SUMIFS(Database!B:B,Database!A:A,B12) + SUMIFS(Database!F:F,Database!A:A,B12) -> 390 | X12: {=AVERAGE(xlookup(B12, Database!K:K, Database!L:N,NA()))} -> #N/A
A13: 21 | B13: Matthias | C13: =COUNTIFS(Olympiade_1!$B:$B,$B13,Olympiade_1!$F:$F,1)+COUNTIFS(Olympiade_2!$B:$B,$B13,Olympiade_2!$F:$F,1)+COUNTIFS(Olympiade_3!$B:$B,$B13,Olympiade_3!$F:$F,1)+COUNTIFS(Olympiade_4!$B:$B,$B13,Olympiade_4!$F:$F,1)+COUNTIFS(Olympiade_5!$B:$B,$B13,Olympiade_5!$F:$F,1)+COUNTIFS(Olympiade_6!$B:$B,$B13,Olympiade_6!$F:$F,1)+COUNTIFS(Olympiade_7!$B:$B,$B13,Olympiade_7!$F:$F,1)+COUNTIFS(Olympiade_8!$B:$B,$B13,Olympiade_8!$F:$F,1) -> 1 | D13: =COUNTIFS(Olympiade_1!$B:$B, $B13, Olympiade_1!$F:$F,2)+COUNTIFS(Olympiade_2!$B:$B, $B13, Olympiade_2!$F:$F,2)+COUNTIFS(Olympiade_3!$B:$B, $B13, Olympiade_3!$F:$F,2)+COUNTIFS(Olympiade_4!$B:$B, $B13, Olympiade_4!$F:$F,2)+COUNTIFS(Olympiade_5!$B:$B, $B13, Olympiade_5!$F:$F,2)+COUNTIFS(Olympiade_6!$B:$B, $B13, Olympiade_6!$F:$F,2)+COUNTIFS(Olympiade_7!$B:$B, $B13, Olympiade_7!$F:$F,2)+COUNTIFS(Olympiade_8!$B:$B, $B13, Olympiade_8!$F:$F,2) -> 1 | E13: =COUNTIFS(Olympiade_1!$B:$B, $B13, Olympiade_1!$F:$F,3)+COUNTIFS(Olympiade_2!$B:$B, $B13, Olympiade_2!$F:$F,3)+COUNTIFS(Olympiade_3!$B:$B, $B13, Olympiade_3!$F:$F,3)+COUNTIFS(Olympiade_4!$B:$B, $B13, Olympiade_4!$F:$F,3)+COUNTIFS(Olympiade_5!$B:$B, $B13, Olympiade_5!$F:$F,3)+COUNTIFS(Olympiade_6!$B:$B, $B13, Olympiade_6!$F:$F,3)+COUNTIFS(Olympiade_7!$B:$B, $B13, Olympiade_7!$F:$F,3)+COUNTIFS(Olympiade_8!$B:$B, $B13, Olympiade_8!$F:$F,3) -> 0 | F13: =SUM(C13,D13,E13) -> 2 | G13: =COUNTIFS(Olympiade_1!$B:$B, $B13, Olympiade_1!$G:$G,1)+COUNTIFS(Olympiade_2!$B:$B, $B13, Olympiade_2!$G:$G,1)+COUNTIFS(Olympiade_3!$B:$B, $B13, Olympiade_3!$G:$G,1)+COUNTIFS(Olympiade_4!$B:$B, $B13, Olympiade_4!$G:$G,1)+COUNTIFS(Olympiade_5!$B:$B, $B13, Olympiade_5!$G:$G,1)+COUNTIFS(Olympiade_6!$B:$B, $B13, Olympiade_6!$G:$G,1)+COUNTIFS(Olympiade_7!$B:$B, $B13, Olympiade_7!$G:$G,1)+COUNTIFS(Olympiade_8!$B:$B, $B13, Olympiade_8!$G:$G,1) -> 2 | H13: =COUNTIFS(Olympiade_1!$B:$B, $B13, Olympiade_1!$G:$G,2)+COUNTIFS(Olympiade_2!$B:$B, $B13, Olympiade_2!$G:$G,2)+COUNTIFS(Olympiade_3!$B:$B, $B13, Olympiade_3!$G:$G,2)+COUNTIFS(Olympiade_4!$B:$B, $B13, Olympiade_4!$G:$G,2)+COUNTIFS(Olympiade_5!$B:$B, $B13, Olympiade_5!$G:$G,2)+COUNTIFS(Olympiade_6!$B:$B, $B13, Olympiade_6!$G:$G,2)+COUNTIFS(Olympiade_7!$B:$B, $B13, Olympiade_7!$G:$G,2)+COUNTIFS(Olympiade_8!$B:$B, $B13, Olympiade_8!$G:$G,2) -> 0 | I13: =COUNTIFS(Olympiade_1!$B:$B, $B13, Olympiade_1!$G:$G,3)+COUNTIFS(Olympiade_2!$B:$B, $B13, Olympiade_2!$G:$G,3)+COUNTIFS(Olympiade_3!$B:$B, $B13, Olympiade_3!$G:$G,3)+COUNTIFS(Olympiade_4!$B:$B, $B13, Olympiade_4!$G:$G,3)+COUNTIFS(Olympiade_5!$B:$B, $B13, Olympiade_5!$G:$G,3)+COUNTIFS(Olympiade_6!$B:$B, $B13, Olympiade_6!$G:$G,3)+COUNTIFS(Olympiade_7!$B:$B, $B13, Olympiade_7!$G:$G,3)+COUNTIFS(Olympiade_8!$B:$B, $B13, Olympiade_8!$G:$G,3) -> 0 | J13: =SUM(G13,H13,I13) -> 2 | K13: =COUNTIFS(Olympiade_1!$B:$B, $B13, Olympiade_1!$H:$H,1)+COUNTIFS(Olympiade_2!$B:$B, $B13, Olympiade_2!$H:$H,1)+COUNTIFS(Olympiade_3!$B:$B, $B13, Olympiade_3!$H:$H,1)+COUNTIFS(Olympiade_4!$B:$B, $B13, Olympiade_4!$H:$H,1)+COUNTIFS(Olympiade_5!$B:$B, $B13, Olympiade_5!$H:$H,1)+COUNTIFS(Olympiade_6!$B:$B, $B13, Olympiade_6!$H:$H,1)+COUNTIFS(Olympiade_7!$B:$B, $B13, Olympiade_7!$H:$H,1)+COUNTIFS(Olympiade_8!$B:$B, $B13, Olympiade_8!$H:$H,1) -> 0 | L13: =COUNTIFS(Olympiade_1!$B:$B, $B13, Olympiade_1!$H:$H,2)+COUNTIFS(Olympiade_2!$B:$B, $B13, Olympiade_2!$H:$H,2)+COUNTIFS(Olympiade_3!$B:$B, $B13, Olympiade_3!$H:$H,2)+COUNTIFS(Olympiade_4!$B:$B, $B13, Olympiade_4!$H:$H,2)+COUNTIFS(Olympiade_5!$B:$B, $B13, Olympiade_5!$H:$H,2)+COUNTIFS(Olympiade_6!$B:$B, $B13, Olympiade_6!$H:$H,2)+COUNTIFS(Olympiade_7!$B:$B, $B13, Olympiade_7!$H:$H,2)+COUNTIFS(Olympiade_8!$B:$B, $B13, Olympiade_8!$H:$H,2) -> 1 | M13: =COUNTIFS(Olympiade_1!$B:$B, $B13, Olympiade_1!$H:$H,3)+COUNTIFS(Olympiade_2!$B:$B, $B13, Olympiade_2!$H:$H,3)+COUNTIFS(Olympiade_3!$B:$B, $B13, Olympiade_3!$H:$H,3)+COUNTIFS(Olympiade_4!$B:$B, $B13, Olympiade_4!$H:$H,3)+COUNTIFS(Olympiade_5!$B:$B, $B13, Olympiade_5!$H:$H,3)+COUNTIFS(Olympiade_6!$B:$B, $B13, Olympiade_6!$H:$H,3)+COUNTIFS(Olympiade_7!$B:$B, $B13, Olympiade_7!$H:$H,3)+COUNTIFS(Olympiade_8!$B:$B, $B13, Olympiade_8!$H:$H,3) -> 0 | N13: =SUM(K13,L13,M13) -> 1 | O13: =COUNTIFS(Olympiade_1!$B:$B, $B13, Olympiade_1!$A:$A,1)+COUNTIFS(Olympiade_2!$B:$B, $B13, Olympiade_2!$A:$A,1)+COUNTIFS(Olympiade_3!$B:$B, $B13, Olympiade_3!$A:$A,1)+COUNTIFS(Olympiade_4!$B:$B, $B13, Olympiade_4!$A:$A,1)+COUNTIFS(Olympiade_5!$B:$B, $B13, Olympiade_5!$A:$A,1)+COUNTIFS(Olympiade_6!$B:$B, $B13, Olympiade_6!$A:$A,1)+COUNTIFS(Olympiade_7!$B:$B, $B13, Olympiade_7!$A:$A,1)+COUNTIFS(Olympiade_8!$B:$B, $B13, Olympiade_8!$A:$A,1) -> 0 | P13: =COUNTIFS(Olympiade_1!$B:$B, $B13, Olympiade_1!$A:$A,2)+COUNTIFS(Olympiade_2!$B:$B, $B13, Olympiade_2!$A:$A,2)+COUNTIFS(Olympiade_3!$B:$B, $B13, Olympiade_3!$A:$A,2)+COUNTIFS(Olympiade_4!$B:$B, $B13, Olympiade_4!$A:$A,2)+COUNTIFS(Olympiade_5!$B:$B, $B13, Olympiade_5!$A:$A,2)+COUNTIFS(Olympiade_6!$B:$B, $B13, Olympiade_6!$A:$A,2)+COUNTIFS(Olympiade_7!$B:$B, $B13, Olympiade_7!$A:$A,2)+COUNTIFS(Olympiade_8!$B:$B, $B13, Olympiade_8!$A:$A,2) -> 2 | Q13: =COUNTIFS(Olympiade_1!$B:$B, $B13, Olympiade_1!$A:$A,3)+COUNTIFS(Olympiade_2!$B:$B, $B13, Olympiade_2!$A:$A,3)+COUNTIFS(Olympiade_3!$B:$B, $B13, Olympiade_3!$A:$A,3)+COUNTIFS(Olympiade_4!$B:$B, $B13, Olympiade_4!$A:$A,3)+COUNTIFS(Olympiade_5!$B:$B, $B13, Olympiade_5!$A:$A,3)+COUNTIFS(Olympiade_6!$B:$B, $B13, Olympiade_6!$A:$A,3)+COUNTIFS(Olympiade_7!$B:$B, $B13, Olympiade_7!$A:$A,3)+COUNTIFS(Olympiade_8!$B:$B, $B13, Olympiade_8!$A:$A,3) -> 0 | R13: =SUM(O13,P13,Q13) -> 2 | S13: =SUM(C13,G13,K13,O13) -> 3 | T13: =SUM(D13,H13,L13,P13) -> 4 | U13: =SUM(E13,I13,M13,Q13) -> 0 | V13: =SUM(S13,T13,U13) -> 7 | W13: =SUMIFS(Database!B:B,Database!A:A,B13) + SUMIFS(Database!F:F,Database!A:A,B13) -> 80 | X13: {=AVERAGE(xlookup(B13, Database!K:K, Database!L:N,NA()))} -> #N/A
... A29: 28 | B29: Lina | C29: =COUNTIFS(Olympiade_1!$B:$B,$B29,Olympiade_1!$F:$F,1)+COUNTIFS(Olympiade_2!$B:$B,$B29,Olympiade_2!$F:$F,1)+COUNTIFS(Olympiade_3!$B:$B,$B29,Olympiade_3!$F:$F,1)+COUNTIFS(Olympiade_4!$B:$B,$B29,Olympiade_4!$F:$F,1)+COUNTIFS(Olympiade_5!$B:$B,$B29,Olympiade_5!$F:$F,1)+COUNTIFS(Olympiade_6!$B:$B,$B29,Olympiade_6!$F:$F,1)+COUNTIFS(Olympiade_7!$B:$B,$B29,Olympiade_7!$F:$F,1)+COUNTIFS(Olympiade_8!$B:$B,$B29,Olympiade_8!$F:$F,1) -> 0 | D29: =COUNTIFS(Olympiade_1!$B:$B, $B29, Olympiade_1!$F:$F,2)+COUNTIFS(Olympiade_2!$B:$B, $B29, Olympiade_2!$F:$F,2)+COUNTIFS(Olympiade_3!$B:$B, $B29, Olympiade_3!$F:$F,2)+COUNTIFS(Olympiade_4!$B:$B, $B29, Olympiade_4!$F:$F,2)+COUNTIFS(Olympiade_5!$B:$B, $B29, Olympiade_5!$F:$F,2)+COUNTIFS(Olympiade_6!$B:$B, $B29, Olympiade_6!$F:$F,2)+COUNTIFS(Olympiade_7!$B:$B, $B29, Olympiade_7!$F:$F,2)+COUNTIFS(Olympiade_8!$B:$B, $B29, Olympiade_8!$F:$F,2) -> 0 | E29: =COUNTIFS(Olympiade_1!$B:$B, $B29, Olympiade_1!$F:$F,3)+COUNTIFS(Olympiade_2!$B:$B, $B29, Olympiade_2!$F:$F,3)+COUNTIFS(Olympiade_3!$B:$B, $B29, Olympiade_3!$F:$F,3)+COUNTIFS(Olympiade_4!$B:$B, $B29, Olympiade_4!$F:$F,3)+COUNTIFS(Olympiade_5!$B:$B, $B29, Olympiade_5!$F:$F,3)+COUNTIFS(Olympiade_6!$B:$B, $B29, Olympiade_6!$F:$F,3)+COUNTIFS(Olympiade_7!$B:$B, $B29, Olympiade_7!$F:$F,3)+COUNTIFS(Olympiade_8!$B:$B, $B29, Olympiade_8!$F:$F,3) -> 1 | F29: =SUM(C29,D29,E29) -> 1 | G29: =COUNTIFS(Olympiade_1!$B:$B, $B29, Olympiade_1!$G:$G,1)+COUNTIFS(Olympiade_2!$B:$B, $B29, Olympiade_2!$G:$G,1)+COUNTIFS(Olympiade_3!$B:$B, $B29, Olympiade_3!$G:$G,1)+COUNTIFS(Olympiade_4!$B:$B, $B29, Olympiade_4!$G:$G,1)+COUNTIFS(Olympiade_5!$B:$B, $B29, Olympiade_5!$G:$G,1)+COUNTIFS(Olympiade_6!$B:$B, $B29, Olympiade_6!$G:$G,1)+COUNTIFS(Olympiade_7!$B:$B, $B29, Olympiade_7!$G:$G,1)+COUNTIFS(Olympiade_8!$B:$B, $B29, Olympiade_8!$G:$G,1) -> 0 | H29: =COUNTIFS(Olympiade_1!$B:$B, $B29, Olympiade_1!$G:$G,2)+COUNTIFS(Olympiade_2!$B:$B, $B29, Olympiade_2!$G:$G,2)+COUNTIFS(Olympiade_3!$B:$B, $B29, Olympiade_3!$G:$G,2)+COUNTIFS(Olympiade_4!$B:$B, $B29, Olympiade_4!$G:$G,2)+COUNTIFS(Olympiade_5!$B:$B, $B29, Olympiade_5!$G:$G,2)+COUNTIFS(Olympiade_6!$B:$B, $B29, Olympiade_6!$G:$G,2)+COUNTIFS(Olympiade_7!$B:$B, $B29, Olympiade_7!$G:$G,2)+COUNTIFS(Olympiade_8!$B:$B, $B29, Olympiade_8!$G:$G,2) -> 0 | I29: =COUNTIFS(Olympiade_1!$B:$B, $B29, Olympiade_1!$G:$G,3)+COUNTIFS(Olympiade_2!$B:$B, $B29, Olympiade_2!$G:$G,3)+COUNTIFS(Olympiade_3!$B:$B, $B29, Olympiade_3!$G:$G,3)+COUNTIFS(Olympiade_4!$B:$B, $B29, Olympiade_4!$G:$G,3)+COUNTIFS(Olympiade_5!$B:$B, $B29, Olympiade_5!$G:$G,3)+COUNTIFS(Olympiade_6!$B:$B, $B29, Olympiade_6!$G:$G,3)+COUNTIFS(Olympiade_7!$B:$B, $B29, Olympiade_7!$G:$G,3)+COUNTIFS(Olympiade_8!$B:$B, $B29, Olympiade_8!$G:$G,3) -> 1 | J29: =SUM(G29,H29,I29) -> 1 | K29: =COUNTIFS(Olympiade_1!$B:$B, $B29, Olympiade_1!$H:$H,1)+COUNTIFS(Olympiade_2!$B:$B, $B29, Olympiade_2!$H:$H,1)+COUNTIFS(Olympiade_3!$B:$B, $B29, Olympiade_3!$H:$H,1)+COUNTIFS(Olympiade_4!$B:$B, $B29, Olympiade_4!$H:$H,1)+COUNTIFS(Olympiade_5!$B:$B, $B29, Olympiade_5!$H:$H,1)+COUNTIFS(Olympiade_6!$B:$B, $B29, Olympiade_6!$H:$H,1)+COUNTIFS(Olympiade_7!$B:$B, $B29, Olympiade_7!$H:$H,1)+COUNTIFS(Olympiade_8!$B:$B, $B29, Olympiade_8!$H:$H,1) -> 0 | L29: =COUNTIFS(Olympiade_1!$B:$B, $B29, Olympiade_1!$H:$H,2)+COUNTIFS(Olympiade_2!$B:$B, $B29, Olympiade_2!$H:$H,2)+COUNTIFS(Olympiade_3!$B:$B, $B29, Olympiade_3!$H:$H,2)+COUNTIFS(Olympiade_4!$B:$B, $B29, Olympiade_4!$H:$H,2)+COUNTIFS(Olympiade_5!$B:$B, $B29, Olympiade_5!$H:$H,2)+COUNTIFS(Olympiade_6!$B:$B, $B29, Olympiade_6!$H:$H,2)+COUNTIFS(Olympiade_7!$B:$B, $B29, Olympiade_7!$H:$H,2)+COUNTIFS(Olympiade_8!$B:$B, $B29, Olympiade_8!$H:$H,2) -> 0 | M29: =COUNTIFS(Olympiade_1!$B:$B, $B29, Olympiade_1!$H:$H,3)+COUNTIFS(Olympiade_2!$B:$B, $B29, Olympiade_2!$H:$H,3)+COUNTIFS(Olympiade_3!$B:$B, $B29, Olympiade_3!$H:$H,3)+COUNTIFS(Olympiade_4!$B:$B, $B29, Olympiade_4!$H:$H,3)+COUNTIFS(Olympiade_5!$B:$B, $B29, Olympiade_5!$H:$H,3)+COUNTIFS(Olympiade_6!$B:$B, $B29, Olympiade_6!$H:$H,3)+COUNTIFS(Olympiade_7!$B:$B, $B29, Olympiade_7!$H:$H,3)+COUNTIFS(Olympiade_8!$B:$B, $B29, Olympiade_8!$H:$H,3) -> 0 | N29: =SUM(K29,L29,M29) -> 0 | O29: =COUNTIFS(Olympiade_1!$B:$B, $B29, Olympiade_1!$A:$A,1)+COUNTIFS(Olympiade_2!$B:$B, $B29, Olympiade_2!$A:$A,1)+COUNTIFS(Olympiade_3!$B:$B, $B29, Olympiade_3!$A:$A,1)+COUNTIFS(Olympiade_4!$B:$B, $B29, Olympiade_4!$A:$A,1)+COUNTIFS(Olympiade_5!$B:$B, $B29, Olympiade_5!$A:$A,1)+COUNTIFS(Olympiade_6!$B:$B, $B29, Olympiade_6!$A:$A,1)+COUNTIFS(Olympiade_7!$B:$B, $B29, Olympiade_7!$A:$A,1)+COUNTIFS(Olympiade_8!$B:$B, $B29, Olympiade_8!$A:$A,1) -> 0 | P29: =COUNTIFS(Olympiade_1!$B:$B, $B29, Olympiade_1!$A:$A,2)+COUNTIFS(Olympiade_2!$B:$B, $B29, Olympiade_2!$A:$A,2)+COUNTIFS(Olympiade_3!$B:$B, $B29, Olympiade_3!$A:$A,2)+COUNTIFS(Olympiade_4!$B:$B, $B29, Olympiade_4!$A:$A,2)+COUNTIFS(Olympiade_5!$B:$B, $B29, Olympiade_5!$A:$A,2)+COUNTIFS(Olympiade_6!$B:$B, $B29, Olympiade_6!$A:$A,2)+COUNTIFS(Olympiade_7!$B:$B, $B29, Olympiade_7!$A:$A,2)+COUNTIFS(Olympiade_8!$B:$B, $B29, Olympiade_8!$A:$A,2) -> 0 | Q29: =COUNTIFS(Olympiade_1!$B:$B, $B29, Olympiade_1!$A:$A,3)+COUNTIFS(Olympiade_2!$B:$B, $B29, Olympiade_2!$A:$A,3)+COUNTIFS(Olympiade_3!$B:$B, $B29, Olympiade_3!$A:$A,3)+COUNTIFS(Olympiade_4!$B:$B, $B29, Olympiade_4!$A:$A,3)+COUNTIFS(Olympiade_5!$B:$B, $B29, Olympiade_5!$A:$A,3)+COUNTIFS(Olympiade_6!$B:$B, $B29, Olympiade_6!$A:$A,3)+COUNTIFS(Olympiade_7!$B:$B, $B29, Olympiade_7!$A:$A,3)+COUNTIFS(Olympiade_8!$B:$B, $B29, Olympiade_8!$A:$A,3) -> 0 | R29: =SUM(O29,P29,Q29) -> 0 | S29: =SUM(C29,G29,K29,O29) -> 0 | T29: =SUM(D29,H29,L29,P29) -> 0 | U29: =SUM(E29,I29,M29,Q29) -> 2 | V29: =SUM(S29,T29,U29) -> 2 | W29: =SUMIFS(Database!B:B,Database!A:A,B29) + SUMIFS(Database!F:F,Database!A:A,B29) -> 50 | X29: {=AVERAGE(xlookup(B29, Database!K:K, Database!L:N,NA()))} -> #N/A
A30: 29 | B30: Luisa | C30: =COUNTIFS(Olympiade_1!$B:$B,$B30,Olympiade_1!$F:$F,1)+COUNTIFS(Olympiade_2!$B:$B,$B30,Olympiade_2!$F:$F,1)+COUNTIFS(Olympiade_3!$B:$B,$B30,Olympiade_3!$F:$F,1)+COUNTIFS(Olympiade_4!$B:$B,$B30,Olympiade_4!$F:$F,1)+COUNTIFS(Olympiade_5!$B:$B,$B30,Olympiade_5!$F:$F,1)+COUNTIFS(Olympiade_6!$B:$B,$B30,Olympiade_6!$F:$F,1)+COUNTIFS(Olympiade_7!$B:$B,$B30,Olympiade_7!$F:$F,1)+COUNTIFS(Olympiade_8!$B:$B,$B30,Olympiade_8!$F:$F,1) -> 0 | D30: =COUNTIFS(Olympiade_1!$B:$B, $B30, Olympiade_1!$F:$F,2)+COUNTIFS(Olympiade_2!$B:$B, $B30, Olympiade_2!$F:$F,2)+COUNTIFS(Olympiade_3!$B:$B, $B30, Olympiade_3!$F:$F,2)+COUNTIFS(Olympiade_4!$B:$B, $B30, Olympiade_4!$F:$F,2)+COUNTIFS(Olympiade_5!$B:$B, $B30, Olympiade_5!$F:$F,2)+COUNTIFS(Olympiade_6!$B:$B, $B30, Olympiade_6!$F:$F,2)+COUNTIFS(Olympiade_7!$B:$B, $B30, Olympiade_7!$F:$F,2)+COUNTIFS(Olympiade_8!$B:$B, $B30, Olympiade_8!$F:$F,2) -> 0 | E30: =COUNTIFS(Olympiade_1!$B:$B, $B30, Olympiade_1!$F:$F,3)+COUNTIFS(Olympiade_2!$B:$B, $B30, Olympiade_2!$F:$F,3)+COUNTIFS(Olympiade_3!$B:$B, $B30, Olympiade_3!$F:$F,3)+COUNTIFS(Olympiade_4!$B:$B, $B30, Olympiade_4!$F:$F,3)+COUNTIFS(Olympiade_5!$B:$B, $B30, Olympiade_5!$F:$F,3)+COUNTIFS(Olympiade_6!$B:$B, $B30, Olympiade_6!$F:$F,3)+COUNTIFS(Olympiade_7!$B:$B, $B30, Olympiade_7!$F:$F,3)+COUNTIFS(Olympiade_8!$B:$B, $B30, Olympiade_8!$F:$F,3) -> 0 | F30: =SUM(C30,D30,E30) -> 0 | G30: =COUNTIFS(Olympiade_1!$B:$B, $B30, Olympiade_1!$G:$G,1)+COUNTIFS(Olympiade_2!$B:$B, $B30, Olympiade_2!$G:$G,1)+COUNTIFS(Olympiade_3!$B:$B, $B30, Olympiade_3!$G:$G,1)+COUNTIFS(Olympiade_4!$B:$B, $B30, Olympiade_4!$G:$G,1)+COUNTIFS(Olympiade_5!$B:$B, $B30, Olympiade_5!$G:$G,1)+COUNTIFS(Olympiade_6!$B:$B, $B30, Olympiade_6!$G:$G,1)+COUNTIFS(Olympiade_7!$B:$B, $B30, Olympiade_7!$G:$G,1)+COUNTIFS(Olympiade_8!$B:$B, $B30, Olympiade_8!$G:$G,1) -> 0 | H30: =COUNTIFS(Olympiade_1!$B:$B, $B30, Olympiade_1!$G:$G,2)+COUNTIFS(Olympiade_2!$B:$B, $B30, Olympiade_2!$G:$G,2)+COUNTIFS(Olympiade_3!$B:$B, $B30, Olympiade_3!$G:$G,2)+COUNTIFS(Olympiade_4!$B:$B, $B30, Olympiade_4!$G:$G,2)+COUNTIFS(Olympiade_5!$B:$B, $B30, Olympiade_5!$G:$G,2)+COUNTIFS(Olympiade_6!$B:$B, $B30, Olympiade_6!$G:$G,2)+COUNTIFS(Olympiade_7!$B:$B, $B30, Olympiade_7!$G:$G,2)+COUNTIFS(Olympiade_8!$B:$B, $B30, Olympiade_8!$G:$G,2) -> 0 | I30: =COUNTIFS(Olympiade_1!$B:$B, $B30, Olympiade_1!$G:$G,3)+COUNTIFS(Olympiade_2!$B:$B, $B30, Olympiade_2!$G:$G,3)+COUNTIFS(Olympiade_3!$B:$B, $B30, Olympiade_3!$G:$G,3)+COUNTIFS(Olympiade_4!$B:$B, $B30, Olympiade_4!$G:$G,3)+COUNTIFS(Olympiade_5!$B:$B, $B30, Olympiade_5!$G:$G,3)+COUNTIFS(Olympiade_6!$B:$B, $B30, Olympiade_6!$G:$G,3)+COUNTIFS(Olympiade_7!$B:$B, $B30, Olympiade_7!$G:$G,3)+COUNTIFS(Olympiade_8!$B:$B, $B30, Olympiade_8!$G:$G,3) -> 1 | J30: =SUM(G30,H30,I30) -> 1 | K30: =COUNTIFS(Olympiade_1!$B:$B, $B30, Olympiade_1!$H:$H,1)+COUNTIFS(Olympiade_2!$B:$B, $B30, Olympiade_2!$H:$H,1)+COUNTIFS(Olympiade_3!$B:$B, $B30, Olympiade_3!$H:$H,1)+COUNTIFS(Olympiade_4!$B:$B, $B30, Olympiade_4!$H:$H,1)+COUNTIFS(Olympiade_5!$B:$B, $B30, Olympiade_5!$H:$H,1)+COUNTIFS(Olympiade_6!$B:$B, $B30, Olympiade_6!$H:$H,1)+COUNTIFS(Olympiade_7!$B:$B, $B30, Olympiade_7!$H:$H,1)+COUNTIFS(Olympiade_8!$B:$B, $B30, Olympiade_8!$H:$H,1) -> 0 | L30: =COUNTIFS(Olympiade_1!$B:$B, $B30, Olympiade_1!$H:$H,2)+COUNTIFS(Olympiade_2!$B:$B, $B30, Olympiade_2!$H:$H,2)+COUNTIFS(Olympiade_3!$B:$B, $B30, Olympiade_3!$H:$H,2)+COUNTIFS(Olympiade_4!$B:$B, $B30, Olympiade_4!$H:$H,2)+COUNTIFS(Olympiade_5!$B:$B, $B30, Olympiade_5!$H:$H,2)+COUNTIFS(Olympiade_6!$B:$B, $B30, Olympiade_6!$H:$H,2)+COUNTIFS(Olympiade_7!$B:$B, $B30, Olympiade_7!$H:$H,2)+COUNTIFS(Olympiade_8!$B:$B, $B30, Olympiade_8!$H:$H,2) -> 0 | M30: =COUNTIFS(Olympiade_1!$B:$B, $B30, Olympiade_1!$H:$H,3)+COUNTIFS(Olympiade_2!$B:$B, $B30, Olympiade_2!$H:$H,3)+COUNTIFS(Olympiade_3!$B:$B, $B30, Olympiade_3!$H:$H,3)+COUNTIFS(Olympiade_4!$B:$B, $B30, Olympiade_4!$H:$H,3)+COUNTIFS(Olympiade_5!$B:$B, $B30, Olympiade_5!$H:$H,3)+COUNTIFS(Olympiade_6!$B:$B, $B30, Olympiade_6!$H:$H,3)+COUNTIFS(Olympiade_7!$B:$B, $B30, Olympiade_7!$H:$H,3)+COUNTIFS(Olympiade_8!$B:$B, $B30, Olympiade_8!$H:$H,3) -> 0 | N30: =SUM(K30,L30,M30) -> 0 | O30: =COUNTIFS(Olympiade_1!$B:$B, $B30, Olympiade_1!$A:$A,1)+COUNTIFS(Olympiade_2!$B:$B, $B30, Olympiade_2!$A:$A,1)+COUNTIFS(Olympiade_3!$B:$B, $B30, Olympiade_3!$A:$A,1)+COUNTIFS(Olympiade_4!$B:$B, $B30, Olympiade_4!$A:$A,1)+COUNTIFS(Olympiade_5!$B:$B, $B30, Olympiade_5!$A:$A,1)+COUNTIFS(Olympiade_6!$B:$B, $B30, Olympiade_6!$A:$A,1)+COUNTIFS(Olympiade_7!$B:$B, $B30, Olympiade_7!$A:$A,1)+COUNTIFS(Olympiade_8!$B:$B, $B30, Olympiade_8!$A:$A,1) -> 0 | P30: =COUNTIFS(Olympiade_1!$B:$B, $B30, Olympiade_1!$A:$A,2)+COUNTIFS(Olympiade_2!$B:$B, $B30, Olympiade_2!$A:$A,2)+COUNTIFS(Olympiade_3!$B:$B, $B30, Olympiade_3!$A:$A,2)+COUNTIFS(Olympiade_4!$B:$B, $B30, Olympiade_4!$A:$A,2)+COUNTIFS(Olympiade_5!$B:$B, $B30, Olympiade_5!$A:$A,2)+COUNTIFS(Olympiade_6!$B:$B, $B30, Olympiade_6!$A:$A,2)+COUNTIFS(Olympiade_7!$B:$B, $B30, Olympiade_7!$A:$A,2)+COUNTIFS(Olympiade_8!$B:$B, $B30, Olympiade_8!$A:$A,2) -> 0 | Q30: =COUNTIFS(Olympiade_1!$B:$B, $B30, Olympiade_1!$A:$A,3)+COUNTIFS(Olympiade_2!$B:$B, $B30, Olympiade_2!$A:$A,3)+COUNTIFS(Olympiade_3!$B:$B, $B30, Olympiade_3!$A:$A,3)+COUNTIFS(Olympiade_4!$B:$B, $B30, Olympiade_4!$A:$A,3)+COUNTIFS(Olympiade_5!$B:$B, $B30, Olympiade_5!$A:$A,3)+COUNTIFS(Olympiade_6!$B:$B, $B30, Olympiade_6!$A:$A,3)+COUNTIFS(Olympiade_7!$B:$B, $B30, Olympiade_7!$A:$A,3)+COUNTIFS(Olympiade_8!$B:$B, $B30, Olympiade_8!$A:$A,3) -> 0 | R30: =SUM(O30,P30,Q30) -> 0 | S30: =SUM(C30,G30,K30,O30) -> 0 | T30: =SUM(D30,H30,L30,P30) -> 0 | U30: =SUM(E30,I30,M30,Q30) -> 1 | V30: =SUM(S30,T30,U30) -> 1 | W30: =SUMIFS(Database!B:B,Database!A:A,B30) + SUMIFS(Database!F:F,Database!A:A,B30) -> 50
A31: 30 | B31: Tim | C31: =COUNTIFS(Olympiade_1!$B:$B,$B31,Olympiade_1!$F:$F,1)+COUNTIFS(Olympiade_2!$B:$B,$B31,Olympiade_2!$F:$F,1)+COUNTIFS(Olympiade_3!$B:$B,$B31,Olympiade_3!$F:$F,1)+COUNTIFS(Olympiade_4!$B:$B,$B31,Olympiade_4!$F:$F,1)+COUNTIFS(Olympiade_5!$B:$B,$B31,Olympiade_5!$F:$F,1)+COUNTIFS(Olympiade_6!$B:$B,$B31,Olympiade_6!$F:$F,1)+COUNTIFS(Olympiade_7!$B:$B,$B31,Olympiade_7!$F:$F,1)+COUNTIFS(Olympiade_8!$B:$B,$B31,Olympiade_8!$F:$F,1) -> 0 | D31: =COUNTIFS(Olympiade_1!$B:$B, $B31, Olympiade_1!$F:$F,2)+COUNTIFS(Olympiade_2!$B:$B, $B31, Olympiade_2!$F:$F,2)+COUNTIFS(Olympiade_3!$B:$B, $B31, Olympiade_3!$F:$F,2)+COUNTIFS(Olympiade_4!$B:$B, $B31, Olympiade_4!$F:$F,2)+COUNTIFS(Olympiade_5!$B:$B, $B31, Olympiade_5!$F:$F,2)+COUNTIFS(Olympiade_6!$B:$B, $B31, Olympiade_6!$F:$F,2)+COUNTIFS(Olympiade_7!$B:$B, $B31, Olympiade_7!$F:$F,2)+COUNTIFS(Olympiade_8!$B:$B, $B31, Olympiade_8!$F:$F,2) -> 0 | E31: =COUNTIFS(Olympiade_1!$B:$B, $B31, Olympiade_1!$F:$F,3)+COUNTIFS(Olympiade_2!$B:$B, $B31, Olympiade_2!$F:$F,3)+COUNTIFS(Olympiade_3!$B:$B, $B31, Olympiade_3!$F:$F,3)+COUNTIFS(Olympiade_4!$B:$B, $B31, Olympiade_4!$F:$F,3)+COUNTIFS(Olympiade_5!$B:$B, $B31, Olympiade_5!$F:$F,3)+COUNTIFS(Olympiade_6!$B:$B, $B31, Olympiade_6!$F:$F,3)+COUNTIFS(Olympiade_7!$B:$B, $B31, Olympiade_7!$F:$F,3)+COUNTIFS(Olympiade_8!$B:$B, $B31, Olympiade_8!$F:$F,3) -> 1 | F31: =SUM(C31,D31,E31) -> 1 | G31: =COUNTIFS(Olympiade_1!$B:$B, $B31, Olympiade_1!$G:$G,1)+COUNTIFS(Olympiade_2!$B:$B, $B31, Olympiade_2!$G:$G,1)+COUNTIFS(Olympiade_3!$B:$B, $B31, Olympiade_3!$G:$G,1)+COUNTIFS(Olympiade_4!$B:$B, $B31, Olympiade_4!$G:$G,1)+COUNTIFS(Olympiade_5!$B:$B, $B31, Olympiade_5!$G:$G,1)+COUNTIFS(Olympiade_6!$B:$B, $B31, Olympiade_6!$G:$G,1)+COUNTIFS(Olympiade_7!$B:$B, $B31, Olympiade_7!$G:$G,1)+COUNTIFS(Olympiade_8!$B:$B, $B31, Olympiade_8!$G:$G,1) -> 0 | H31: =COUNTIFS(Olympiade_1!$B:$B, $B31, Olympiade_1!$G:$G,2)+COUNTIFS(Olympiade_2!$B:$B, $B31, Olympiade_2!$G:$G,2)+COUNTIFS(Olympiade_3!$B:$B, $B31, Olympiade_3!$G:$G,2)+COUNTIFS(Olympiade_4!$B:$B, $B31, Olympiade_4!$G:$G,2)+COUNTIFS(Olympiade_5!$B:$B, $B31, Olympiade_5!$G:$G,2)+COUNTIFS(Olympiade_6!$B:$B, $B31, Olympiade_6!$G:$G,2)+COUNTIFS(Olympiade_7!$B:$B, $B31, Olympiade_7!$G:$G,2)+COUNTIFS(Olympiade_8!$B:$B, $B31, Olympiade_8!$G:$G,2) -> 0 | I31: =COUNTIFS(Olympiade_1!$B:$B, $B31, Olympiade_1!$G:$G,3)+COUNTIFS(Olympiade_2!$B:$B, $B31, Olympiade_2!$G:$G,3)+COUNTIFS(Olympiade_3!$B:$B, $B31, Olympiade_3!$G:$G,3)+COUNTIFS(Olympiade_4!$B:$B, $B31, Olympiade_4!$G:$G,3)+COUNTIFS(Olympiade_5!$B:$B, $B31, Olympiade_5!$G:$G,3)+COUNTIFS(Olympiade_6!$B:$B, $B31, Olympiade_6!$G:$G,3)+COUNTIFS(Olympiade_7!$B:$B, $B31, Olympiade_7!$G:$G,3)+COUNTIFS(Olympiade_8!$B:$B, $B31, Olympiade_8!$G:$G,3) -> 0 | J31: =SUM(G31,H31,I31) -> 0 | K31: =COUNTIFS(Olympiade_1!$B:$B, $B31, Olympiade_1!$H:$H,1)+COUNTIFS(Olympiade_2!$B:$B, $B31, Olympiade_2!$H:$H,1)+COUNTIFS(Olympiade_3!$B:$B, $B31, Olympiade_3!$H:$H,1)+COUNTIFS(Olympiade_4!$B:$B, $B31, Olympiade_4!$H:$H,1)+COUNTIFS(Olympiade_5!$B:$B, $B31, Olympiade_5!$H:$H,1)+COUNTIFS(Olympiade_6!$B:$B, $B31, Olympiade_6!$H:$H,1)+COUNTIFS(Olympiade_7!$B:$B, $B31, Olympiade_7!$H:$H,1)+COUNTIFS(Olympiade_8!$B:$B, $B31, Olympiade_8!$H:$H,1) -> 0 | L31: =COUNTIFS(Olympiade_1!$B:$B, $B31, Olympiade_1!$H:$H,2)+COUNTIFS(Olympiade_2!$B:$B, $B31, Olympiade_2!$H:$H,2)+COUNTIFS(Olympiade_3!$B:$B, $B31, Olympiade_3!$H:$H,2)+COUNTIFS(Olympiade_4!$B:$B, $B31, Olympiade_4!$H:$H,2)+COUNTIFS(Olympiade_5!$B:$B, $B31, Olympiade_5!$H:$H,2)+COUNTIFS(Olympiade_6!$B:$B, $B31, Olympiade_6!$H:$H,2)+COUNTIFS(Olympiade_7!$B:$B, $B31, Olympiade_7!$H:$H,2)+COUNTIFS(Olympiade_8!$B:$B, $B31, Olympiade_8!$H:$H,2) -> 0 | M31: =COUNTIFS(Olympiade_1!$B:$B, $B31, Olympiade_1!$H:$H,3)+COUNTIFS(Olympiade_2!$B:$B, $B31, Olympiade_2!$H:$H,3)+COUNTIFS(Olympiade_3!$B:$B, $B31, Olympiade_3!$H:$H,3)+COUNTIFS(Olympiade_4!$B:$B, $B31, Olympiade_4!$H:$H,3)+COUNTIFS(Olympiade_5!$B:$B, $B31, Olympiade_5!$H:$H,3)+COUNTIFS(Olympiade_6!$B:$B, $B31, Olympiade_6!$H:$H,3)+COUNTIFS(Olympiade_7!$B:$B, $B31, Olympiade_7!$H:$H,3)+COUNTIFS(Olympiade_8!$B:$B, $B31, Olympiade_8!$H:$H,3) -> 0 | N31: =SUM(K31,L31,M31) -> 0 | O31: =COUNTIFS(Olympiade_1!$B:$B, $B31, Olympiade_1!$A:$A,1)+COUNTIFS(Olympiade_2!$B:$B, $B31, Olympiade_2!$A:$A,1)+COUNTIFS(Olympiade_3!$B:$B, $B31, Olympiade_3!$A:$A,1)+COUNTIFS(Olympiade_4!$B:$B, $B31, Olympiade_4!$A:$A,1)+COUNTIFS(Olympiade_5!$B:$B, $B31, Olympiade_5!$A:$A,1)+COUNTIFS(Olympiade_6!$B:$B, $B31, Olympiade_6!$A:$A,1)+COUNTIFS(Olympiade_7!$B:$B, $B31, Olympiade_7!$A:$A,1)+COUNTIFS(Olympiade_8!$B:$B, $B31, Olympiade_8!$A:$A,1) -> 0 | P31: =COUNTIFS(Olympiade_1!$B:$B, $B31, Olympiade_1!$A:$A,2)+COUNTIFS(Olympiade_2!$B:$B, $B31, Olympiade_2!$A:$A,2)+COUNTIFS(Olympiade_3!$B:$B, $B31, Olympiade_3!$A:$A,2)+COUNTIFS(Olympiade_4!$B:$B, $B31, Olympiade_4!$A:$A,2)+COUNTIFS(Olympiade_5!$B:$B, $B31, Olympiade_5!$A:$A,2)+COUNTIFS(Olympiade_6!$B:$B, $B31, Olympiade_6!$A:$A,2)+COUNTIFS(Olympiade_7!$B:$B, $B31, Olympiade_7!$A:$A,2)+COUNTIFS(Olympiade_8!$B:$B, $B31, Olympiade_8!$A:$A,2) -> 0 | Q31: =COUNTIFS(Olympiade_1!$B:$B, $B31, Olympiade_1!$A:$A,3)+COUNTIFS(Olympiade_2!$B:$B, $B31, Olympiade_2!$A:$A,3)+COUNTIFS(Olympiade_3!$B:$B, $B31, Olympiade_3!$A:$A,3)+COUNTIFS(Olympiade_4!$B:$B, $B31, Olympiade_4!$A:$A,3)+COUNTIFS(Olympiade_5!$B:$B, $B31, Olympiade_5!$A:$A,3)+COUNTIFS(Olympiade_6!$B:$B, $B31, Olympiade_6!$A:$A,3)+COUNTIFS(Olympiade_7!$B:$B, $B31, Olympiade_7!$A:$A,3)+COUNTIFS(Olympiade_8!$B:$B, $B31, Olympiade_8!$A:$A,3) -> 0 | R31: =SUM(O31,P31,Q31) -> 0 | S31: =SUM(C31,G31,K31,O31) -> 0 | T31: =SUM(D31,H31,L31,P31) -> 0 | U31: =SUM(E31,I31,M31,Q31) -> 1 | V31: =SUM(S31,T31,U31) -> 1 | W31: =SUMIFS(Database!B:B,Database!A:A,B31) + SUMIFS(Database!F:F,Database!A:A,B31) -> 40
A32: 31 | B32: Lukas | C32: =COUNTIFS(Olympiade_1!$B:$B,$B32,Olympiade_1!$F:$F,1)+COUNTIFS(Olympiade_2!$B:$B,$B32,Olympiade_2!$F:$F,1)+COUNTIFS(Olympiade_3!$B:$B,$B32,Olympiade_3!$F:$F,1)+COUNTIFS(Olympiade_4!$B:$B,$B32,Olympiade_4!$F:$F,1)+COUNTIFS(Olympiade_5!$B:$B,$B32,Olympiade_5!$F:$F,1)+COUNTIFS(Olympiade_6!$B:$B,$B32,Olympiade_6!$F:$F,1)+COUNTIFS(Olympiade_7!$B:$B,$B32,Olympiade_7!$F:$F,1)+COUNTIFS(Olympiade_8!$B:$B,$B32,Olympiade_8!$F:$F,1) -> 0 | D32: =COUNTIFS(Olympiade_1!$B:$B, $B32, Olympiade_1!$F:$F,2)+COUNTIFS(Olympiade_2!$B:$B, $B32, Olympiade_2!$F:$F,2)+COUNTIFS(Olympiade_3!$B:$B, $B32, Olympiade_3!$F:$F,2)+COUNTIFS(Olympiade_4!$B:$B, $B32, Olympiade_4!$F:$F,2)+COUNTIFS(Olympiade_5!$B:$B, $B32, Olympiade_5!$F:$F,2)+COUNTIFS(Olympiade_6!$B:$B, $B32, Olympiade_6!$F:$F,2)+COUNTIFS(Olympiade_7!$B:$B, $B32, Olympiade_7!$F:$F,2)+COUNTIFS(Olympiade_8!$B:$B, $B32, Olympiade_8!$F:$F,2) -> 0 | E32: =COUNTIFS(Olympiade_1!$B:$B, $B32, Olympiade_1!$F:$F,3)+COUNTIFS(Olympiade_2!$B:$B, $B32, Olympiade_2!$F:$F,3)+COUNTIFS(Olympiade_3!$B:$B, $B32, Olympiade_3!$F:$F,3)+COUNTIFS(Olympiade_4!$B:$B, $B32, Olympiade_4!$F:$F,3)+COUNTIFS(Olympiade_5!$B:$B, $B32, Olympiade_5!$F:$F,3)+COUNTIFS(Olympiade_6!$B:$B, $B32, Olympiade_6!$F:$F,3)+COUNTIFS(Olympiade_7!$B:$B, $B32, Olympiade_7!$F:$F,3)+COUNTIFS(Olympiade_8!$B:$B, $B32, Olympiade_8!$F:$F,3) -> 0 | F32: =SUM(C32,D32,E32) -> 0 | G32: =COUNTIFS(Olympiade_1!$B:$B, $B32, Olympiade_1!$G:$G,1)+COUNTIFS(Olympiade_2!$B:$B, $B32, Olympiade_2!$G:$G,1)+COUNTIFS(Olympiade_3!$B:$B, $B32, Olympiade_3!$G:$G,1)+COUNTIFS(Olympiade_4!$B:$B, $B32, Olympiade_4!$G:$G,1)+COUNTIFS(Olympiade_5!$B:$B, $B32, Olympiade_5!$G:$G,1)+COUNTIFS(Olympiade_6!$B:$B, $B32, Olympiade_6!$G:$G,1)+COUNTIFS(Olympiade_7!$B:$B, $B32, Olympiade_7!$G:$G,1)+COUNTIFS(Olympiade_8!$B:$B, $B32, Olympiade_8!$G:$G,1) -> 0 | H32: =COUNTIFS(Olympiade_1!$B:$B, $B32, Olympiade_1!$G:$G,2)+COUNTIFS(Olympiade_2!$B:$B, $B32, Olympiade_2!$G:$G,2)+COUNTIFS(Olympiade_3!$B:$B, $B32, Olympiade_3!$G:$G,2)+COUNTIFS(Olympiade_4!$B:$B, $B32, Olympiade_4!$G:$G,2)+COUNTIFS(Olympiade_5!$B:$B, $B32, Olympiade_5!$G:$G,2)+COUNTIFS(Olympiade_6!$B:$B, $B32, Olympiade_6!$G:$G,2)+COUNTIFS(Olympiade_7!$B:$B, $B32, Olympiade_7!$G:$G,2)+COUNTIFS(Olympiade_8!$B:$B, $B32, Olympiade_8!$G:$G,2) -> 0 | I32: =COUNTIFS(Olympiade_1!$B:$B, $B32, Olympiade_1!$G:$G,3)+COUNTIFS(Olympiade_2!$B:$B, $B32, Olympiade_2!$G:$G,3)+COUNTIFS(Olympiade_3!$B:$B, $B32, Olympiade_3!$G:$G,3)+COUNTIFS(Olympiade_4!$B:$B, $B32, Olympiade_4!$G:$G,3)+COUNTIFS(Olympiade_5!$B:$B, $B32, Olympiade_5!$G:$G,3)+COUNTIFS(Olympiade_6!$B:$B, $B32, Olympiade_6!$G:$G,3)+COUNTIFS(Olympiade_7!$B:$B, $B32, Olympiade_7!$G:$G,3)+COUNTIFS(Olympiade_8!$B:$B, $B32, Olympiade_8!$G:$G,3) -> 0 | J32: =SUM(G32,H32,I32) -> 0 | K32: =COUNTIFS(Olympiade_1!$B:$B, $B32, Olympiade_1!$H:$H,1)+COUNTIFS(Olympiade_2!$B:$B, $B32, Olympiade_2!$H:$H,1)+COUNTIFS(Olympiade_3!$B:$B, $B32, Olympiade_3!$H:$H,1)+COUNTIFS(Olympiade_4!$B:$B, $B32, Olympiade_4!$H:$H,1)+COUNTIFS(Olympiade_5!$B:$B, $B32, Olympiade_5!$H:$H,1)+COUNTIFS(Olympiade_6!$B:$B, $B32, Olympiade_6!$H:$H,1)+COUNTIFS(Olympiade_7!$B:$B, $B32, Olympiade_7!$H:$H,1)+COUNTIFS(Olympiade_8!$B:$B, $B32, Olympiade_8!$H:$H,1) -> 0 | L32: =COUNTIFS(Olympiade_1!$B:$B, $B32, Olympiade_1!$H:$H,2)+COUNTIFS(Olympiade_2!$B:$B, $B32, Olympiade_2!$H:$H,2)+COUNTIFS(Olympiade_3!$B:$B, $B32, Olympiade_3!$H:$H,2)+COUNTIFS(Olympiade_4!$B:$B, $B32, Olympiade_4!$H:$H,2)+COUNTIFS(Olympiade_5!$B:$B, $B32, Olympiade_5!$H:$H,2)+COUNTIFS(Olympiade_6!$B:$B, $B32, Olympiade_6!$H:$H,2)+COUNTIFS(Olympiade_7!$B:$B, $B32, Olympiade_7!$H:$H,2)+COUNTIFS(Olympiade_8!$B:$B, $B32, Olympiade_8!$H:$H,2) -> 0 | M32: =COUNTIFS(Olympiade_1!$B:$B, $B32, Olympiade_1!$H:$H,3)+COUNTIFS(Olympiade_2!$B:$B, $B32, Olympiade_2!$H:$H,3)+COUNTIFS(Olympiade_3!$B:$B, $B32, Olympiade_3!$H:$H,3)+COUNTIFS(Olympiade_4!$B:$B, $B32, Olympiade_4!$H:$H,3)+COUNTIFS(Olympiade_5!$B:$B, $B32, Olympiade_5!$H:$H,3)+COUNTIFS(Olympiade_6!$B:$B, $B32, Olympiade_6!$H:$H,3)+COUNTIFS(Olympiade_7!$B:$B, $B32, Olympiade_7!$H:$H,3)+COUNTIFS(Olympiade_8!$B:$B, $B32, Olympiade_8!$H:$H,3) -> 0 | N32: =SUM(K32,L32,M32) -> 0 | O32: =COUNTIFS(Olympiade_1!$B:$B, $B32, Olympiade_1!$A:$A,1)+COUNTIFS(Olympiade_2!$B:$B, $B32, Olympiade_2!$A:$A,1)+COUNTIFS(Olympiade_3!$B:$B, $B32, Olympiade_3!$A:$A,1)+COUNTIFS(Olympiade_4!$B:$B, $B32, Olympiade_4!$A:$A,1)+COUNTIFS(Olympiade_5!$B:$B, $B32, Olympiade_5!$A:$A,1)+COUNTIFS(Olympiade_6!$B:$B, $B32, Olympiade_6!$A:$A,1)+COUNTIFS(Olympiade_7!$B:$B, $B32, Olympiade_7!$A:$A,1)+COUNTIFS(Olympiade_8!$B:$B, $B32, Olympiade_8!$A:$A,1) -> 0 | P32: =COUNTIFS(Olympiade_1!$B:$B, $B32, Olympiade_1!$A:$A,2)+COUNTIFS(Olympiade_2!$B:$B, $B32, Olympiade_2!$A:$A,2)+COUNTIFS(Olympiade_3!$B:$B, $B32, Olympiade_3!$A:$A,2)+COUNTIFS(Olympiade_4!$B:$B, $B32, Olympiade_4!$A:$A,2)+COUNTIFS(Olympiade_5!$B:$B, $B32, Olympiade_5!$A:$A,2)+COUNTIFS(Olympiade_6!$B:$B, $B32, Olympiade_6!$A:$A,2)+COUNTIFS(Olympiade_7!$B:$B, $B32, Olympiade_7!$A:$A,2)+COUNTIFS(Olympiade_8!$B:$B, $B32, Olympiade_8!$A:$A,2) -> 0 | Q32: =COUNTIFS(Olympiade_1!$B:$B, $B32, Olympiade_1!$A:$A,3)+COUNTIFS(Olympiade_2!$B:$B, $B32, Olympiade_2!$A:$A,3)+COUNTIFS(Olympiade_3!$B:$B, $B32, Olympiade_3!$A:$A,3)+COUNTIFS(Olympiade_4!$B:$B, $B32, Olympiade_4!$A:$A,3)+COUNTIFS(Olympiade_5!$B:$B, $B32, Olympiade_5!$A:$A,3)+COUNTIFS(Olympiade_6!$B:$B, $B32, Olympiade_6!$A:$A,3)+COUNTIFS(Olympiade_7!$B:$B, $B32, Olympiade_7!$A:$A,3)+COUNTIFS(Olympiade_8!$B:$B, $B32, Olympiade_8!$A:$A,3) -> 0 | R32: =SUM(O32,P32,Q32) -> 0 | S32: =SUM(C32,G32,K32,O32) -> 0 | T32: =SUM(D32,H32,L32,P32) -> 0 | U32: =SUM(E32,I32,M32,Q32) -> 0 | V32: =SUM(S32,T32,U32) -> 0 | W32: =SUMIFS(Database!B:B,Database!A:A,B32) + SUMIFS(Database!F:F,Database!A:A,B32) -> 20 | X32: {=AVERAGE(xlookup(B32, Database!K:K, Database!L:N,NA()))} -> #N/A
A33: 32 | B33: Moritz | C33: =COUNTIFS(Olympiade_1!$B:$B,$B33,Olympiade_1!$F:$F,1)+COUNTIFS(Olympiade_2!$B:$B,$B33,Olympiade_2!$F:$F,1)+COUNTIFS(Olympiade_3!$B:$B,$B33,Olympiade_3!$F:$F,1)+COUNTIFS(Olympiade_4!$B:$B,$B33,Olympiade_4!$F:$F,1)+COUNTIFS(Olympiade_5!$B:$B,$B33,Olympiade_5!$F:$F,1)+COUNTIFS(Olympiade_6!$B:$B,$B33,Olympiade_6!$F:$F,1)+COUNTIFS(Olympiade_7!$B:$B,$B33,Olympiade_7!$F:$F,1)+COUNTIFS(Olympiade_8!$B:$B,$B33,Olympiade_8!$F:$F,1) -> 0 | D33: =COUNTIFS(Olympiade_1!$B:$B, $B33, Olympiade_1!$F:$F,2)+COUNTIFS(Olympiade_2!$B:$B, $B33, Olympiade_2!$F:$F,2)+COUNTIFS(Olympiade_3!$B:$B, $B33, Olympiade_3!$F:$F,2)+COUNTIFS(Olympiade_4!$B:$B, $B33, Olympiade_4!$F:$F,2)+COUNTIFS(Olympiade_5!$B:$B, $B33, Olympiade_5!$F:$F,2)+COUNTIFS(Olympiade_6!$B:$B, $B33, Olympiade_6!$F:$F,2)+COUNTIFS(Olympiade_7!$B:$B, $B33, Olympiade_7!$F:$F,2)+COUNTIFS(Olympiade_8!$B:$B, $B33, Olympiade_8!$F:$F,2) -> 0 | E33: =COUNTIFS(Olympiade_1!$B:$B, $B33, Olympiade_1!$F:$F,3)+COUNTIFS(Olympiade_2!$B:$B, $B33, Olympiade_2!$F:$F,3)+COUNTIFS(Olympiade_3!$B:$B, $B33, Olympiade_3!$F:$F,3)+COUNTIFS(Olympiade_4!$B:$B, $B33, Olympiade_4!$F:$F,3)+COUNTIFS(Olympiade_5!$B:$B, $B33, Olympiade_5!$F:$F,3)+COUNTIFS(Olympiade_6!$B:$B, $B33, Olympiade_6!$F:$F,3)+COUNTIFS(Olympiade_7!$B:$B, $B33, Olympiade_7!$F:$F,3)+COUNTIFS(Olympiade_8!$B:$B, $B33, Olympiade_8!$F:$F,3) -> 0 | F33: =SUM(C33,D33,E33) -> 0 | G33: =COUNTIFS(Olympiade_1!$B:$B, $B33, Olympiade_1!$G:$G,1)+COUNTIFS(Olympiade_2!$B:$B, $B33, Olympiade_2!$G:$G,1)+COUNTIFS(Olympiade_3!$B:$B, $B33, Olympiade_3!$G:$G,1)+COUNTIFS(Olympiade_4!$B:$B, $B33, Olympiade_4!$G:$G,1)+COUNTIFS(Olympiade_5!$B:$B, $B33, Olympiade_5!$G:$G,1)+COUNTIFS(Olympiade_6!$B:$B, $B33, Olympiade_6!$G:$G,1)+COUNTIFS(Olympiade_7!$B:$B, $B33, Olympiade_7!$G:$G,1)+COUNTIFS(Olympiade_8!$B:$B, $B33, Olympiade_8!$G:$G,1) -> 0 | H33: =COUNTIFS(Olympiade_1!$B:$B, $B33, Olympiade_1!$G:$G,2)+COUNTIFS(Olympiade_2!$B:$B, $B33, Olympiade_2!$G:$G,2)+COUNTIFS(Olympiade_3!$B:$B, $B33, Olympiade_3!$G:$G,2)+COUNTIFS(Olympiade_4!$B:$B, $B33, Olympiade_4!$G:$G,2)+COUNTIFS(Olympiade_5!$B:$B, $B33, Olympiade_5!$G:$G,2)+COUNTIFS(Olympiade_6!$B:$B, $B33, Olympiade_6!$G:$G,2)+COUNTIFS(Olympiade_7!$B:$B, $B33, Olympiade_7!$G:$G,2)+COUNTIFS(Olympiade_8!$B:$B, $B33, Olympiade_8!$G:$G,2) -> 0 | I33: =COUNTIFS(Olympiade_1!$B:$B, $B33, Olympiade_1!$G:$G,3)+COUNTIFS(Olympiade_2!$B:$B, $B33, Olympiade_2!$G:$G,3)+COUNTIFS(Olympiade_3!$B:$B, $B33, Olympiade_3!$G:$G,3)+COUNTIFS(Olympiade_4!$B:$B, $B33, Olympiade_4!$G:$G,3)+COUNTIFS(Olympiade_5!$B:$B, $B33, Olympiade_5!$G:$G,3)+COUNTIFS(Olympiade_6!$B:$B, $B33, Olympiade_6!$G:$G,3)+COUNTIFS(Olympiade_7!$B:$B, $B33, Olympiade_7!$G:$G,3)+COUNTIFS(Olympiade_8!$B:$B, $B33, Olympiade_8!$G:$G,3) -> 0 | J33: =SUM(G33,H33,I33) -> 0 | K33: =COUNTIFS(Olympiade_1!$B:$B, $B33, Olympiade_1!$H:$H,1)+COUNTIFS(Olympiade_2!$B:$B, $B33, Olympiade_2!$H:$H,1)+COUNTIFS(Olympiade_3!$B:$B, $B33, Olympiade_3!$H:$H,1)+COUNTIFS(Olympiade_4!$B:$B, $B33, Olympiade_4!$H:$H,1)+COUNTIFS(Olympiade_5!$B:$B, $B33, Olympiade_5!$H:$H,1)+COUNTIFS(Olympiade_6!$B:$B, $B33, Olympiade_6!$H:$H,1)+COUNTIFS(Olympiade_7!$B:$B, $B33, Olympiade_7!$H:$H,1)+COUNTIFS(Olympiade_8!$B:$B, $B33, Olympiade_8!$H:$H,1) -> 0 | L33: =COUNTIFS(Olympiade_1!$B:$B, $B33, Olympiade_1!$H:$H,2)+COUNTIFS(Olympiade_2!$B:$B, $B33, Olympiade_2!$H:$H,2)+COUNTIFS(Olympiade_3!$B:$B, $B33, Olympiade_3!$H:$H,2)+COUNTIFS(Olympiade_4!$B:$B, $B33, Olympiade_4!$H:$H,2)+COUNTIFS(Olympiade_5!$B:$B, $B33, Olympiade_5!$H:$H,2)+COUNTIFS(Olympiade_6!$B:$B, $B33, Olympiade_6!$H:$H,2)+COUNTIFS(Olympiade_7!$B:$B, $B33, Olympiade_7!$H:$H,2)+COUNTIFS(Olympiade_8!$B:$B, $B33, Olympiade_8!$H:$H,2) -> 0 | M33: =COUNTIFS(Olympiade_1!$B:$B, $B33, Olympiade_1!$H:$H,3)+COUNTIFS(Olympiade_2!$B:$B, $B33, Olympiade_2!$H:$H,3)+COUNTIFS(Olympiade_3!$B:$B, $B33, Olympiade_3!$H:$H,3)+COUNTIFS(Olympiade_4!$B:$B, $B33, Olympiade_4!$H:$H,3)+COUNTIFS(Olympiade_5!$B:$B, $B33, Olympiade_5!$H:$H,3)+COUNTIFS(Olympiade_6!$B:$B, $B33, Olympiade_6!$H:$H,3)+COUNTIFS(Olympiade_7!$B:$B, $B33, Olympiade_7!$H:$H,3)+COUNTIFS(Olympiade_8!$B:$B, $B33, Olympiade_8!$H:$H,3) -> 0 | N33: =SUM(K33,L33,M33) -> 0 | O33: =COUNTIFS(Olympiade_1!$B:$B, $B33, Olympiade_1!$A:$A,1)+COUNTIFS(Olympiade_2!$B:$B, $B33, Olympiade_2!$A:$A,1)+COUNTIFS(Olympiade_3!$B:$B, $B33, Olympiade_3!$A:$A,1)+COUNTIFS(Olympiade_4!$B:$B, $B33, Olympiade_4!$A:$A,1)+COUNTIFS(Olympiade_5!$B:$B, $B33, Olympiade_5!$A:$A,1)+COUNTIFS(Olympiade_6!$B:$B, $B33, Olympiade_6!$A:$A,1)+COUNTIFS(Olympiade_7!$B:$B, $B33, Olympiade_7!$A:$A,1)+COUNTIFS(Olympiade_8!$B:$B, $B33, Olympiade_8!$A:$A,1) -> 0 | P33: =COUNTIFS(Olympiade_1!$B:$B, $B33, Olympiade_1!$A:$A,2)+COUNTIFS(Olympiade_2!$B:$B, $B33, Olympiade_2!$A:$A,2)+COUNTIFS(Olympiade_3!$B:$B, $B33, Olympiade_3!$A:$A,2)+COUNTIFS(Olympiade_4!$B:$B, $B33, Olympiade_4!$A:$A,2)+COUNTIFS(Olympiade_5!$B:$B, $B33, Olympiade_5!$A:$A,2)+COUNTIFS(Olympiade_6!$B:$B, $B33, Olympiade_6!$A:$A,2)+COUNTIFS(Olympiade_7!$B:$B, $B33, Olympiade_7!$A:$A,2)+COUNTIFS(Olympiade_8!$B:$B, $B33, Olympiade_8!$A:$A,2) -> 0 | Q33: =COUNTIFS(Olympiade_1!$B:$B, $B33, Olympiade_1!$A:$A,3)+COUNTIFS(Olympiade_2!$B:$B, $B33, Olympiade_2!$A:$A,3)+COUNTIFS(Olympiade_3!$B:$B, $B33, Olympiade_3!$A:$A,3)+COUNTIFS(Olympiade_4!$B:$B, $B33, Olympiade_4!$A:$A,3)+COUNTIFS(Olympiade_5!$B:$B, $B33, Olympiade_5!$A:$A,3)+COUNTIFS(Olympiade_6!$B:$B, $B33, Olympiade_6!$A:$A,3)+COUNTIFS(Olympiade_7!$B:$B, $B33, Olympiade_7!$A:$A,3)+COUNTIFS(Olympiade_8!$B:$B, $B33, Olympiade_8!$A:$A,3) -> 0 | R33: =SUM(O33,P33,Q33) -> 0 | S33: =SUM(C33,G33,K33,O33) -> 0 | T33: =SUM(D33,H33,L33,P33) -> 0 | U33: =SUM(E33,I33,M33,Q33) -> 0 | V33: =SUM(S33,T33,U33) -> 0 | W33: =SUMIFS(Database!B:B,Database!A:A,B33) + SUMIFS(Database!F:F,Database!A:A,B33) -> 20 | X33: {=AVERAGE(xlookup(B33, Database!K:K, Database!L:N,NA()))} -> #N/A
A34: 33 | B34: Lena | C34: =COUNTIFS(Olympiade_1!$B:$B,$B34,Olympiade_1!$F:$F,1)+COUNTIFS(Olympiade_2!$B:$B,$B34,Olympiade_2!$F:$F,1)+COUNTIFS(Olympiade_3!$B:$B,$B34,Olympiade_3!$F:$F,1)+COUNTIFS(Olympiade_4!$B:$B,$B34,Olympiade_4!$F:$F,1)+COUNTIFS(Olympiade_5!$B:$B,$B34,Olympiade_5!$F:$F,1)+COUNTIFS(Olympiade_6!$B:$B,$B34,Olympiade_6!$F:$F,1)+COUNTIFS(Olympiade_7!$B:$B,$B34,Olympiade_7!$F:$F,1)+COUNTIFS(Olympiade_8!$B:$B,$B34,Olympiade_8!$F:$F,1) -> 0 | D34: =COUNTIFS(Olympiade_1!$B:$B, $B34, Olympiade_1!$F:$F,2)+COUNTIFS(Olympiade_2!$B:$B, $B34, Olympiade_2!$F:$F,2)+COUNTIFS(Olympiade_3!$B:$B, $B34, Olympiade_3!$F:$F,2)+COUNTIFS(Olympiade_4!$B:$B, $B34, Olympiade_4!$F:$F,2)+COUNTIFS(Olympiade_5!$B:$B, $B34, Olympiade_5!$F:$F,2)+COUNTIFS(Olympiade_6!$B:$B, $B34, Olympiade_6!$F:$F,2)+COUNTIFS(Olympiade_7!$B:$B, $B34, Olympiade_7!$F:$F,2)+COUNTIFS(Olympiade_8!$B:$B, $B34, Olympiade_8!$F:$F,2) -> 0 | E34: =COUNTIFS(Olympiade_1!$B:$B, $B34, Olympiade_1!$F:$F,3)+COUNTIFS(Olympiade_2!$B:$B, $B34, Olympiade_2!$F:$F,3)+COUNTIFS(Olympiade_3!$B:$B, $B34, Olympiade_3!$F:$F,3)+COUNTIFS(Olympiade_4!$B:$B, $B34, Olympiade_4!$F:$F,3)+COUNTIFS(Olympiade_5!$B:$B, $B34, Olympiade_5!$F:$F,3)+COUNTIFS(Olympiade_6!$B:$B, $B34, Olympiade_6!$F:$F,3)+COUNTIFS(Olympiade_7!$B:$B, $B34, Olympiade_7!$F:$F,3)+COUNTIFS(Olympiade_8!$B:$B, $B34, Olympiade_8!$F:$F,3) -> 0 | F34: =SUM(C34,D34,E34) -> 0 | G34: =COUNTIFS(Olympiade_1!$B:$B, $B34, Olympiade_1!$G:$G,1)+COUNTIFS(Olympiade_2!$B:$B, $B34, Olympiade_2!$G:$G,1)+COUNTIFS(Olympiade_3!$B:$B, $B34, Olympiade_3!$G:$G,1)+COUNTIFS(Olympiade_4!$B:$B, $B34, Olympiade_4!$G:$G,1)+COUNTIFS(Olympiade_5!$B:$B, $B34, Olympiade_5!$G:$G,1)+COUNTIFS(Olympiade_6!$B:$B, $B34, Olympiade_6!$G:$G,1)+COUNTIFS(Olympiade_7!$B:$B, $B34, Olympiade_7!$G:$G,1)+COUNTIFS(Olympiade_8!$B:$B, $B34, Olympiade_8!$G:$G,1) -> 0 | H34: =COUNTIFS(Olympiade_1!$B:$B, $B34, Olympiade_1!$G:$G,2)+COUNTIFS(Olympiade_2!$B:$B, $B34, Olympiade_2!$G:$G,2)+COUNTIFS(Olympiade_3!$B:$B, $B34, Olympiade_3!$G:$G,2)+COUNTIFS(Olympiade_4!$B:$B, $B34, Olympiade_4!$G:$G,2)+COUNTIFS(Olympiade_5!$B:$B, $B34, Olympiade_5!$G:$G,2)+COUNTIFS(Olympiade_6!$B:$B, $B34, Olympiade_6!$G:$G,2)+COUNTIFS(Olympiade_7!$B:$B, $B34, Olympiade_7!$G:$G,2)+COUNTIFS(Olympiade_8!$B:$B, $B34, Olympiade_8!$G:$G,2) -> 0 | I34: =COUNTIFS(Olympiade_1!$B:$B, $B34, Olympiade_1!$G:$G,3)+COUNTIFS(Olympiade_2!$B:$B, $B34, Olympiade_2!$G:$G,3)+COUNTIFS(Olympiade_3!$B:$B, $B34, Olympiade_3!$G:$G,3)+COUNTIFS(Olympiade_4!$B:$B, $B34, Olympiade_4!$G:$G,3)+COUNTIFS(Olympiade_5!$B:$B, $B34, Olympiade_5!$G:$G,3)+COUNTIFS(Olympiade_6!$B:$B, $B34, Olympiade_6!$G:$G,3)+COUNTIFS(Olympiade_7!$B:$B, $B34, Olympiade_7!$G:$G,3)+COUNTIFS(Olympiade_8!$B:$B, $B34, Olympiade_8!$G:$G,3) -> 0 | J34: =SUM(G34,H34,I34) -> 0 | K34: =COUNTIFS(Olympiade_1!$B:$B, $B34, Olympiade_1!$H:$H,1)+COUNTIFS(Olympiade_2!$B:$B, $B34, Olympiade_2!$H:$H,1)+COUNTIFS(Olympiade_3!$B:$B, $B34, Olympiade_3!$H:$H,1)+COUNTIFS(Olympiade_4!$B:$B, $B34, Olympiade_4!$H:$H,1)+COUNTIFS(Olympiade_5!$B:$B, $B34, Olympiade_5!$H:$H,1)+COUNTIFS(Olympiade_6!$B:$B, $B34, Olympiade_6!$H:$H,1)+COUNTIFS(Olympiade_7!$B:$B, $B34, Olympiade_7!$H:$H,1)+COUNTIFS(Olympiade_8!$B:$B, $B34, Olympiade_8!$H:$H,1) -> 0 | L34: =COUNTIFS(Olympiade_1!$B:$B, $B34, Olympiade_1!$H:$H,2)+COUNTIFS(Olympiade_2!$B:$B, $B34, Olympiade_2!$H:$H,2)+COUNTIFS(Olympiade_3!$B:$B, $B34, Olympiade_3!$H:$H,2)+COUNTIFS(Olympiade_4!$B:$B, $B34, Olympiade_4!$H:$H,2)+COUNTIFS(Olympiade_5!$B:$B, $B34, Olympiade_5!$H:$H,2)+COUNTIFS(Olympiade_6!$B:$B, $B34, Olympiade_6!$H:$H,2)+COUNTIFS(Olympiade_7!$B:$B, $B34, Olympiade_7!$H:$H,2)+COUNTIFS(Olympiade_8!$B:$B, $B34, Olympiade_8!$H:$H,2) -> 0 | M34: =COUNTIFS(Olympiade_1!$B:$B, $B34, Olympiade_1!$H:$H,3)+COUNTIFS(Olympiade_2!$B:$B, $B34, Olympiade_2!$H:$H,3)+COUNTIFS(Olympiade_3!$B:$B, $B34, Olympiade_3!$H:$H,3)+COUNTIFS(Olympiade_4!$B:$B, $B34, Olympiade_4!$H:$H,3)+COUNTIFS(Olympiade_5!$B:$B, $B34, Olympiade_5!$H:$H,3)+COUNTIFS(Olympiade_6!$B:$B, $B34, Olympiade_6!$H:$H,3)+COUNTIFS(Olympiade_7!$B:$B, $B34, Olympiade_7!$H:$H,3)+COUNTIFS(Olympiade_8!$B:$B, $B34, Olympiade_8!$H:$H,3) -> 0 | N34: =SUM(K34,L34,M34) -> 0 | O34: =COUNTIFS(Olympiade_1!$B:$B, $B34, Olympiade_1!$A:$A,1)+COUNTIFS(Olympiade_2!$B:$B, $B34, Olympiade_2!$A:$A,1)+COUNTIFS(Olympiade_3!$B:$B, $B34, Olympiade_3!$A:$A,1)+COUNTIFS(Olympiade_4!$B:$B, $B34, Olympiade_4!$A:$A,1)+COUNTIFS(Olympiade_5!$B:$B, $B34, Olympiade_5!$A:$A,1)+COUNTIFS(Olympiade_6!$B:$B, $B34, Olympiade_6!$A:$A,1)+COUNTIFS(Olympiade_7!$B:$B, $B34, Olympiade_7!$A:$A,1)+COUNTIFS(Olympiade_8!$B:$B, $B34, Olympiade_8!$A:$A,1) -> 0 | P34: =COUNTIFS(Olympiade_1!$B:$B, $B34, Olympiade_1!$A:$A,2)+COUNTIFS(Olympiade_2!$B:$B, $B34, Olympiade_2!$A:$A,2)+COUNTIFS(Olympiade_3!$B:$B, $B34, Olympiade_3!$A:$A,2)+COUNTIFS(Olympiade_4!$B:$B, $B34, Olympiade_4!$A:$A,2)+COUNTIFS(Olympiade_5!$B:$B, $B34, Olympiade_5!$A:$A,2)+COUNTIFS(Olympiade_6!$B:$B, $B34, Olympiade_6!$A:$A,2)+COUNTIFS(Olympiade_7!$B:$B, $B34, Olympiade_7!$A:$A,2)+COUNTIFS(Olympiade_8!$B:$B, $B34, Olympiade_8!$A:$A,2) -> 0 | Q34: =COUNTIFS(Olympiade_1!$B:$B, $B34, Olympiade_1!$A:$A,3)+COUNTIFS(Olympiade_2!$B:$B, $B34, Olympiade_2!$A:$A,3)+COUNTIFS(Olympiade_3!$B:$B, $B34, Olympiade_3!$A:$A,3)+COUNTIFS(Olympiade_4!$B:$B, $B34, Olympiade_4!$A:$A,3)+COUNTIFS(Olympiade_5!$B:$B, $B34, Olympiade_5!$A:$A,3)+COUNTIFS(Olympiade_6!$B:$B, $B34, Olympiade_6!$A:$A,3)+COUNTIFS(Olympiade_7!$B:$B, $B34, Olympiade_7!$A:$A,3)+COUNTIFS(Olympiade_8!$B:$B, $B34, Olympiade_8!$A:$A,3) -> 0 | R34: =SUM(O34,P34,Q34) -> 0 | S34: =SUM(C34,G34,K34,O34) -> 0 | T34: =SUM(D34,H34,L34,P34) -> 0 | U34: =SUM(E34,I34,M34,Q34) -> 0 | V34: =SUM(S34,T34,U34) -> 0 | W34: =SUMIFS(Database!B:B,Database!A:A,B34) + SUMIFS(Database!F:F,Database!A:A,B34) -> 20 | X34: {=AVERAGE(xlookup(B34, Database!K:K, Database!L:N,NA()))} -> #N/A
A35: 34 | B35: Artur | C35: =COUNTIFS(Olympiade_1!$B:$B,$B35,Olympiade_1!$F:$F,1)+COUNTIFS(Olympiade_2!$B:$B,$B35,Olympiade_2!$F:$F,1)+COUNTIFS(Olympiade_3!$B:$B,$B35,Olympiade_3!$F:$F,1)+COUNTIFS(Olympiade_4!$B:$B,$B35,Olympiade_4!$F:$F,1)+COUNTIFS(Olympiade_5!$B:$B,$B35,Olympiade_5!$F:$F,1)+COUNTIFS(Olympiade_6!$B:$B,$B35,Olympiade_6!$F:$F,1)+COUNTIFS(Olympiade_7!$B:$B,$B35,Olympiade_7!$F:$F,1)+COUNTIFS(Olympiade_8!$B:$B,$B35,Olympiade_8!$F:$F,1) -> 0 | D35: =COUNTIFS(Olympiade_1!$B:$B, $B35, Olympiade_1!$F:$F,2)+COUNTIFS(Olympiade_2!$B:$B, $B35, Olympiade_2!$F:$F,2)+COUNTIFS(Olympiade_3!$B:$B, $B35, Olympiade_3!$F:$F,2)+COUNTIFS(Olympiade_4!$B:$B, $B35, Olympiade_4!$F:$F,2)+COUNTIFS(Olympiade_5!$B:$B, $B35, Olympiade_5!$F:$F,2)+COUNTIFS(Olympiade_6!$B:$B, $B35, Olympiade_6!$F:$F,2)+COUNTIFS(Olympiade_7!$B:$B, $B35, Olympiade_7!$F:$F,2)+COUNTIFS(Olympiade_8!$B:$B, $B35, Olympiade_8!$F:$F,2) -> 0 | E35: =COUNTIFS(Olympiade_1!$B:$B, $B35, Olympiade_1!$F:$F,3)+COUNTIFS(Olympiade_2!$B:$B, $B35, Olympiade_2!$F:$F,3)+COUNTIFS(Olympiade_3!$B:$B, $B35, Olympiade_3!$F:$F,3)+COUNTIFS(Olympiade_4!$B:$B, $B35, Olympiade_4!$F:$F,3)+COUNTIFS(Olympiade_5!$B:$B, $B35, Olympiade_5!$F:$F,3)+COUNTIFS(Olympiade_6!$B:$B, $B35, Olympiade_6!$F:$F,3)+COUNTIFS(Olympiade_7!$B:$B, $B35, Olympiade_7!$F:$F,3)+COUNTIFS(Olympiade_8!$B:$B, $B35, Olympiade_8!$F:$F,3) -> 0 | F35: =SUM(C35,D35,E35) -> 0 | G35: =COUNTIFS(Olympiade_1!$B:$B, $B35, Olympiade_1!$G:$G,1)+COUNTIFS(Olympiade_2!$B:$B, $B35, Olympiade_2!$G:$G,1)+COUNTIFS(Olympiade_3!$B:$B, $B35, Olympiade_3!$G:$G,1)+COUNTIFS(Olympiade_4!$B:$B, $B35, Olympiade_4!$G:$G,1)+COUNTIFS(Olympiade_5!$B:$B, $B35, Olympiade_5!$G:$G,1)+COUNTIFS(Olympiade_6!$B:$B, $B35, Olympiade_6!$G:$G,1)+COUNTIFS(Olympiade_7!$B:$B, $B35, Olympiade_7!$G:$G,1)+COUNTIFS(Olympiade_8!$B:$B, $B35, Olympiade_8!$G:$G,1) -> 0 | H35: =COUNTIFS(Olympiade_1!$B:$B, $B35, Olympiade_1!$G:$G,2)+COUNTIFS(Olympiade_2!$B:$B, $B35, Olympiade_2!$G:$G,2)+COUNTIFS(Olympiade_3!$B:$B, $B35, Olympiade_3!$G:$G,2)+COUNTIFS(Olympiade_4!$B:$B, $B35, Olympiade_4!$G:$G,2)+COUNTIFS(Olympiade_5!$B:$B, $B35, Olympiade_5!$G:$G,2)+COUNTIFS(Olympiade_6!$B:$B, $B35, Olympiade_6!$G:$G,2)+COUNTIFS(Olympiade_7!$B:$B, $B35, Olympiade_7!$G:$G,2)+COUNTIFS(Olympiade_8!$B:$B, $B35, Olympiade_8!$G:$G,2) -> 0 | I35: =COUNTIFS(Olympiade_1!$B:$B, $B35, Olympiade_1!$G:$G,3)+COUNTIFS(Olympiade_2!$B:$B, $B35, Olympiade_2!$G:$G,3)+COUNTIFS(Olympiade_3!$B:$B, $B35, Olympiade_3!$G:$G,3)+COUNTIFS(Olympiade_4!$B:$B, $B35, Olympiade_4!$G:$G,3)+COUNTIFS(Olympiade_5!$B:$B, $B35, Olympiade_5!$G:$G,3)+COUNTIFS(Olympiade_6!$B:$B, $B35, Olympiade_6!$G:$G,3)+COUNTIFS(Olympiade_7!$B:$B, $B35, Olympiade_7!$G:$G,3)+COUNTIFS(Olympiade_8!$B:$B, $B35, Olympiade_8!$G:$G,3) -> 0 | J35: =SUM(G35,H35,I35) -> 0 | K35: =COUNTIFS(Olympiade_1!$B:$B, $B35, Olympiade_1!$H:$H,1)+COUNTIFS(Olympiade_2!$B:$B, $B35, Olympiade_2!$H:$H,1)+COUNTIFS(Olympiade_3!$B:$B, $B35, Olympiade_3!$H:$H,1)+COUNTIFS(Olympiade_4!$B:$B, $B35, Olympiade_4!$H:$H,1)+COUNTIFS(Olympiade_5!$B:$B, $B35, Olympiade_5!$H:$H,1)+COUNTIFS(Olympiade_6!$B:$B, $B35, Olympiade_6!$H:$H,1)+COUNTIFS(Olympiade_7!$B:$B, $B35, Olympiade_7!$H:$H,1)+COUNTIFS(Olympiade_8!$B:$B, $B35, Olympiade_8!$H:$H,1) -> 0 | L35: =COUNTIFS(Olympiade_1!$B:$B, $B35, Olympiade_1!$H:$H,2)+COUNTIFS(Olympiade_2!$B:$B, $B35, Olympiade_2!$H:$H,2)+COUNTIFS(Olympiade_3!$B:$B, $B35, Olympiade_3!$H:$H,2)+COUNTIFS(Olympiade_4!$B:$B, $B35, Olympiade_4!$H:$H,2)+COUNTIFS(Olympiade_5!$B:$B, $B35, Olympiade_5!$H:$H,2)+COUNTIFS(Olympiade_6!$B:$B, $B35, Olympiade_6!$H:$H,2)+COUNTIFS(Olympiade_7!$B:$B, $B35, Olympiade_7!$H:$H,2)+COUNTIFS(Olympiade_8!$B:$B, $B35, Olympiade_8!$H:$H,2) -> 0 | M35: =COUNTIFS(Olympiade_1!$B:$B, $B35, Olympiade_1!$H:$H,3)+COUNTIFS(Olympiade_2!$B:$B, $B35, Olympiade_2!$H:$H,3)+COUNTIFS(Olympiade_3!$B:$B, $B35, Olympiade_3!$H:$H,3)+COUNTIFS(Olympiade_4!$B:$B, $B35, Olympiade_4!$H:$H,3)+COUNTIFS(Olympiade_5!$B:$B, $B35, Olympiade_5!$H:$H,3)+COUNTIFS(Olympiade_6!$B:$B, $B35, Olympiade_6!$H:$H,3)+COUNTIFS(Olympiade_7!$B:$B, $B35, Olympiade_7!$H:$H,3)+COUNTIFS(Olympiade_8!$B:$B, $B35, Olympiade_8!$H:$H,3) -> 0 | N35: =SUM(K35,L35,M35) -> 0 | O35: =COUNTIFS(Olympiade_1!$B:$B, $B35, Olympiade_1!$A:$A,1)+COUNTIFS(Olympiade_2!$B:$B, $B35, Olympiade_2!$A:$A,1)+COUNTIFS(Olympiade_3!$B:$B, $B35, Olympiade_3!$A:$A,1)+COUNTIFS(Olympiade_4!$B:$B, $B35, Olympiade_4!$A:$A,1)+COUNTIFS(Olympiade_5!$B:$B, $B35, Olympiade_5!$A:$A,1)+COUNTIFS(Olympiade_6!$B:$B, $B35, Olympiade_6!$A:$A,1)+COUNTIFS(Olympiade_7!$B:$B, $B35, Olympiade_7!$A:$A,1)+COUNTIFS(Olympiade_8!$B:$B, $B35, Olympiade_8!$A:$A,1) -> 0 | P35: =COUNTIFS(Olympiade_1!$B:$B, $B35, Olympiade_1!$A:$A,2)+COUNTIFS(Olympiade_2!$B:$B, $B35, Olympiade_2!$A:$A,2)+COUNTIFS(Olympiade_3!$B:$B, $B35, Olympiade_3!$A:$A,2)+COUNTIFS(Olympiade_4!$B:$B, $B35, Olympiade_4!$A:$A,2)+COUNTIFS(Olympiade_5!$B:$B, $B35, Olympiade_5!$A:$A,2)+COUNTIFS(Olympiade_6!$B:$B, $B35, Olympiade_6!$A:$A,2)+COUNTIFS(Olympiade_7!$B:$B, $B35, Olympiade_7!$A:$A,2)+COUNTIFS(Olympiade_8!$B:$B, $B35, Olympiade_8!$A:$A,2) -> 0 | Q35: =COUNTIFS(Olympiade_1!$B:$B, $B35, Olympiade_1!$A:$A,3)+COUNTIFS(Olympiade_2!$B:$B, $B35, Olympiade_2!$A:$A,3)+COUNTIFS(Olympiade_3!$B:$B, $B35, Olympiade_3!$A:$A,3)+COUNTIFS(Olympiade_4!$B:$B, $B35, Olympiade_4!$A:$A,3)+COUNTIFS(Olympiade_5!$B:$B, $B35, Olympiade_5!$A:$A,3)+COUNTIFS(Olympiade_6!$B:$B, $B35, Olympiade_6!$A:$A,3)+COUNTIFS(Olympiade_7!$B:$B, $B35, Olympiade_7!$A:$A,3)+COUNTIFS(Olympiade_8!$B:$B, $B35, Olympiade_8!$A:$A,3) -> 0 | R35: =SUM(O35,P35,Q35) -> 0 | S35: =SUM(C35,G35,K35,O35) -> 0 | T35: =SUM(D35,H35,L35,P35) -> 0 | U35: =SUM(E35,I35,M35,Q35) -> 0 | V35: =SUM(S35,T35,U35) -> 0 | W35: =SUMIFS(Database!B:B,Database!A:A,B35) + SUMIFS(Database!F:F,Database!A:A,B35) -> 10 | X35: {=AVERAGE(xlookup(B35, Database!K:K, Database!L:N,NA()))} -> #N/A
A36: 35 | B36: Charlie | C36: =COUNTIFS(Olympiade_1!$B:$B,$B36,Olympiade_1!$F:$F,1)+COUNTIFS(Olympiade_2!$B:$B,$B36,Olympiade_2!$F:$F,1)+COUNTIFS(Olympiade_3!$B:$B,$B36,Olympiade_3!$F:$F,1)+COUNTIFS(Olympiade_4!$B:$B,$B36,Olympiade_4!$F:$F,1)+COUNTIFS(Olympiade_5!$B:$B,$B36,Olympiade_5!$F:$F,1)+COUNTIFS(Olympiade_6!$B:$B,$B36,Olympiade_6!$F:$F,1)+COUNTIFS(Olympiade_7!$B:$B,$B36,Olympiade_7!$F:$F,1)+COUNTIFS(Olympiade_8!$B:$B,$B36,Olympiade_8!$F:$F,1) -> 0 | D36: =COUNTIFS(Olympiade_1!$B:$B, $B36, Olympiade_1!$F:$F,2)+COUNTIFS(Olympiade_2!$B:$B, $B36, Olympiade_2!$F:$F,2)+COUNTIFS(Olympiade_3!$B:$B, $B36, Olympiade_3!$F:$F,2)+COUNTIFS(Olympiade_4!$B:$B, $B36, Olympiade_4!$F:$F,2)+COUNTIFS(Olympiade_5!$B:$B, $B36, Olympiade_5!$F:$F,2)+COUNTIFS(Olympiade_6!$B:$B, $B36, Olympiade_6!$F:$F,2)+COUNTIFS(Olympiade_7!$B:$B, $B36, Olympiade_7!$F:$F,2)+COUNTIFS(Olympiade_8!$B:$B, $B36, Olympiade_8!$F:$F,2) -> 0 | E36: =COUNTIFS(Olympiade_1!$B:$B, $B36, Olympiade_1!$F:$F,3)+COUNTIFS(Olympiade_2!$B:$B, $B36, Olympiade_2!$F:$F,3)+COUNTIFS(Olympiade_3!$B:$B, $B36, Olympiade_3!$F:$F,3)+COUNTIFS(Olympiade_4!$B:$B, $B36, Olympiade_4!$F:$F,3)+COUNTIFS(Olympiade_5!$B:$B, $B36, Olympiade_5!$F:$F,3)+COUNTIFS(Olympiade_6!$B:$B, $B36, Olympiade_6!$F:$F,3)+COUNTIFS(Olympiade_7!$B:$B, $B36, Olympiade_7!$F:$F,3)+COUNTIFS(Olympiade_8!$B:$B, $B36, Olympiade_8!$F:$F,3) -> 0 | F36: =SUM(C36,D36,E36) -> 0 | G36: =COUNTIFS(Olympiade_1!$B:$B, $B36, Olympiade_1!$G:$G,1)+COUNTIFS(Olympiade_2!$B:$B, $B36, Olympiade_2!$G:$G,1)+COUNTIFS(Olympiade_3!$B:$B, $B36, Olympiade_3!$G:$G,1)+COUNTIFS(Olympiade_4!$B:$B, $B36, Olympiade_4!$G:$G,1)+COUNTIFS(Olympiade_5!$B:$B, $B36, Olympiade_5!$G:$G,1)+COUNTIFS(Olympiade_6!$B:$B, $B36, Olympiade_6!$G:$G,1)+COUNTIFS(Olympiade_7!$B:$B, $B36, Olympiade_7!$G:$G,1)+COUNTIFS(Olympiade_8!$B:$B, $B36, Olympiade_8!$G:$G,1) -> 0 | H36: =COUNTIFS(Olympiade_1!$B:$B, $B36, Olympiade_1!$G:$G,2)+COUNTIFS(Olympiade_2!$B:$B, $B36, Olympiade_2!$G:$G,2)+COUNTIFS(Olympiade_3!$B:$B, $B36, Olympiade_3!$G:$G,2)+COUNTIFS(Olympiade_4!$B:$B, $B36, Olympiade_4!$G:$G,2)+COUNTIFS(Olympiade_5!$B:$B, $B36, Olympiade_5!$G:$G,2)+COUNTIFS(Olympiade_6!$B:$B, $B36, Olympiade_6!$G:$G,2)+COUNTIFS(Olympiade_7!$B:$B, $B36, Olympiade_7!$G:$G,2)+COUNTIFS(Olympiade_8!$B:$B, $B36, Olympiade_8!$G:$G,2) -> 0 | I36: =COUNTIFS(Olympiade_1!$B:$B, $B36, Olympiade_1!$G:$G,3)+COUNTIFS(Olympiade_2!$B:$B, $B36, Olympiade_2!$G:$G,3)+COUNTIFS(Olympiade_3!$B:$B, $B36, Olympiade_3!$G:$G,3)+COUNTIFS(Olympiade_4!$B:$B, $B36, Olympiade_4!$G:$G,3)+COUNTIFS(Olympiade_5!$B:$B, $B36, Olympiade_5!$G:$G,3)+COUNTIFS(Olympiade_6!$B:$B, $B36, Olympiade_6!$G:$G,3)+COUNTIFS(Olympiade_7!$B:$B, $B36, Olympiade_7!$G:$G,3)+COUNTIFS(Olympiade_8!$B:$B, $B36, Olympiade_8!$G:$G,3) -> 0 | J36: =SUM(G36,H36,I36) -> 0 | K36: =COUNTIFS(Olympiade_1!$B:$B, $B36, Olympiade_1!$H:$H,1)+COUNTIFS(Olympiade_2!$B:$B, $B36, Olympiade_2!$H:$H,1)+COUNTIFS(Olympiade_3!$B:$B, $B36, Olympiade_3!$H:$H,1)+COUNTIFS(Olympiade_4!$B:$B, $B36, Olympiade_4!$H:$H,1)+COUNTIFS(Olympiade_5!$B:$B, $B36, Olympiade_5!$H:$H,1)+COUNTIFS(Olympiade_6!$B:$B, $B36, Olympiade_6!$H:$H,1)+COUNTIFS(Olympiade_7!$B:$B, $B36, Olympiade_7!$H:$H,1)+COUNTIFS(Olympiade_8!$B:$B, $B36, Olympiade_8!$H:$H,1) -> 0 | L36: =COUNTIFS(Olympiade_1!$B:$B, $B36, Olympiade_1!$H:$H,2)+COUNTIFS(Olympiade_2!$B:$B, $B36, Olympiade_2!$H:$H,2)+COUNTIFS(Olympiade_3!$B:$B, $B36, Olympiade_3!$H:$H,2)+COUNTIFS(Olympiade_4!$B:$B, $B36, Olympiade_4!$H:$H,2)+COUNTIFS(Olympiade_5!$B:$B, $B36, Olympiade_5!$H:$H,2)+COUNTIFS(Olympiade_6!$B:$B, $B36, Olympiade_6!$H:$H,2)+COUNTIFS(Olympiade_7!$B:$B, $B36, Olympiade_7!$H:$H,2)+COUNTIFS(Olympiade_8!$B:$B, $B36, Olympiade_8!$H:$H,2) -> 0 | M36: =COUNTIFS(Olympiade_1!$B:$B, $B36, Olympiade_1!$H:$H,3)+COUNTIFS(Olympiade_2!$B:$B, $B36, Olympiade_2!$H:$H,3)+COUNTIFS(Olympiade_3!$B:$B, $B36, Olympiade_3!$H:$H,3)+COUNTIFS(Olympiade_4!$B:$B, $B36, Olympiade_4!$H:$H,3)+COUNTIFS(Olympiade_5!$B:$B, $B36, Olympiade_5!$H:$H,3)+COUNTIFS(Olympiade_6!$B:$B, $B36, Olympiade_6!$H:$H,3)+COUNTIFS(Olympiade_7!$B:$B, $B36, Olympiade_7!$H:$H,3)+COUNTIFS(Olympiade_8!$B:$B, $B36, Olympiade_8!$H:$H,3) -> 0 | N36: =SUM(K36,L36,M36) -> 0 | O36: =COUNTIFS(Olympiade_1!$B:$B, $B36, Olympiade_1!$A:$A,1)+COUNTIFS(Olympiade_2!$B:$B, $B36, Olympiade_2!$A:$A,1)+COUNTIFS(Olympiade_3!$B:$B, $B36, Olympiade_3!$A:$A,1)+COUNTIFS(Olympiade_4!$B:$B, $B36, Olympiade_4!$A:$A,1)+COUNTIFS(Olympiade_5!$B:$B, $B36, Olympiade_5!$A:$A,1)+COUNTIFS(Olympiade_6!$B:$B, $B36, Olympiade_6!$A:$A,1)+COUNTIFS(Olympiade_7!$B:$B, $B36, Olympiade_7!$A:$A,1)+COUNTIFS(Olympiade_8!$B:$B, $B36, Olympiade_8!$A:$A,1) -> 0 | P36: =COUNTIFS(Olympiade_1!$B:$B, $B36, Olympiade_1!$A:$A,2)+COUNTIFS(Olympiade_2!$B:$B, $B36, Olympiade_2!$A:$A,2)+COUNTIFS(Olympiade_3!$B:$B, $B36, Olympiade_3!$A:$A,2)+COUNTIFS(Olympiade_4!$B:$B, $B36, Olympiade_4!$A:$A,2)+COUNTIFS(Olympiade_5!$B:$B, $B36, Olympiade_5!$A:$A,2)+COUNTIFS(Olympiade_6!$B:$B, $B36, Olympiade_6!$A:$A,2)+COUNTIFS(Olympiade_7!$B:$B, $B36, Olympiade_7!$A:$A,2)+COUNTIFS(Olympiade_8!$B:$B, $B36, Olympiade_8!$A:$A,2) -> 0 | Q36: =COUNTIFS(Olympiade_1!$B:$B, $B36, Olympiade_1!$A:$A,3)+COUNTIFS(Olympiade_2!$B:$B, $B36, Olympiade_2!$A:$A,3)+COUNTIFS(Olympiade_3!$B:$B, $B36, Olympiade_3!$A:$A,3)+COUNTIFS(Olympiade_4!$B:$B, $B36, Olympiade_4!$A:$A,3)+COUNTIFS(Olympiade_5!$B:$B, $B36, Olympiade_5!$A:$A,3)+COUNTIFS(Olympiade_6!$B:$B, $B36, Olympiade_6!$A:$A,3)+COUNTIFS(Olympiade_7!$B:$B, $B36, Olympiade_7!$A:$A,3)+COUNTIFS(Olympiade_8!$B:$B, $B36, Olympiade_8!$A:$A,3) -> 0 | R36: =SUM(O36,P36,Q36) -> 0 | S36: =SUM(C36,G36,K36,O36) -> 0 | T36: =SUM(D36,H36,L36,P36) -> 0 | U36: =SUM(E36,I36,M36,Q36) -> 0 | V36: =SUM(S36,T36,U36) -> 0 | W36: =SUMIFS(Database!B:B,Database!A:A,B36) + SUMIFS(Database!F:F,Database!A:A,B36) -> 10 | X36: {=AVERAGE(xlookup(B36, Database!K:K, Database!L:N,NA()))} -> #N/A

Sheet Database
A1: Name | B1: Olympiade | C1: Flunkyball | D1: Beerpong | E1: Flipcup | F1: Gesamtpunkte
A2: Anton | B2: olympiade_1 | C2: 30 | D2: 30 | E2: 40 | F2: 40 | J2: 3 | K2: Till | L2: =SUMIFS(Database!B:B,Database!A:A,K2) + SUMIFS(Database!C:C,Database!A:A,K2) -> 230 | M2: =SUMIFS(Database!B:B,Database!A:A,K2) + SUMIFS(Database!D:D,Database!A:A,K2) -> 180 | N2: =SUMIFS(Database!B:B,Database!A:A,K2) + SUMIFS(Database!E:E,Database!A:A,K2) -> 240 | O2: =SUMIFS(Database!B:B,Database!A:A,K2) + SUMIFS(Database!F:F,Database!A:A,K2) -> 260 | P2: =AVERAGE(L2,M2,N2) -> 216.66667
A3: Bruno | B3: olympiade_1 | C3: 20 | D3: 10 | E3: 20 | F3: 10 | J3: 9 | K3: Melli | L3: =SUMIFS(Database!B:B,Database!A:A,K3) + SUMIFS(Database!C:C,Database!A:A,K3) -> 90 | M3: =SUMIFS(Database!B:B,Database!A:A,K3) + SUMIFS(Database!D:D,Database!A:A,K3) -> 180 | N3: =SUMIFS(Database!B:B,Database!A:A,K3) + SUMIFS(Database!E:E,Database!A:A,K3) -> 150 | O3: =SUMIFS(Database!B:B,Database!A:A,K3) + SUMIFS(Database!F:F,Database!A:A,K3) -> 120 | P3: =AVERAGE(L3,M3,N3) -> 140
A4: Elias | B4: olympiade_1 | C4: 40 | D4: 20 | E4: 30 | F4: 30 | J4: 17 | K4: Lorenz | L4: =SUMIFS(Database!B:B,Database!A:A,K4) + SUMIFS(Database!C:C,Database!A:A,K4) -> 80 | M4: =SUMIFS(Database!B:B,Database!A:A,K4) + SUMIFS(Database!D:D,Database!A:A,K4) -> 180 | N4: =SUMIFS(Database!B:B,Database!A:A,K4) + SUMIFS(Database!E:E,Database!A:A,K4) -> 60 | O4: =SUMIFS(Database!B:B,Database!A:A,K4) + SUMIFS(Database!F:F,Database!A:A,K4) -> 90 | P4: =AVERAGE(L4,M4,N4) -> 106.66667
A5: Georg | B5: olympiade_1 | C5: 40 | D5: 20 | E5: 30 | F5: 30 | J5: 23 | K5: Theo | L5: =SUMIFS(Database!B:B,Database!A:A,K5) + SUMIFS(Database!C:C,Database!A:A,K5) -> 70 | M5: =SUMIFS(Database!B:B,Database!A:A,K5) + SUMIFS(Database!D:D,Database!A:A,K5) -> 60 | N5: =SUMIFS(Database!B:B,Database!A:A,K5) + SUMIFS(Database!E:E,Database!A:A,K5) -> 50 | O5: =SUMIFS(Database!B:B,Database!A:A,K5) + SUMIFS(Database!F:F,Database!A:A,K5) -> 70 | P5: =AVERAGE(L5,M5,N5) -> 60
A6: Jonas | B6: olympiade_1 | C6: 10 | D6: 40 | E6: 10 | F6: 20
A7: Lorenz | B7: olympiade_1 | C7: 10 | D7: 40 | E7: 10 | F7: 20
A8: Mo | B8: olympiade_1 | C8: 20 | D8: 10 | E8: 20 | F8: 10 | J8: 6 | K8: Georg | L8: =AVERAGE(IFERROR(VLOOKUP($K8,Olympiade_1!$B:$F,5,FALSE()),""),IFERROR(VLOOKUP($K8,Olympiade_2!$B:$F,5,FALSE()),""),IFERROR(VLOOKUP($K8,Olympiade_3!$B:$F,5,FALSE()),""),IFERROR(VLOOKUP($K8,Olympiade_4!$B:$F,5,FALSE()),""),IFERROR(VLOOKUP($K8,Olympiade_5!$B:$F,5,FALSE()),""),IFERROR(VLOOKUP($K8,Olympiade_6!$B:$F,5,FALSE()),"")) -> #VALUE! | M8: =SUMIFS(Database!B:B,Database!A:A,K8) + SUMIFS(Database!D:D,Database!A:A,K8) -> 220 | N8: =SUMIFS(Database!B:B,Database!A:A,K8) + SUMIFS(Database!E:E,Database!A:A,K8) -> 220 | P8: =SUMIFS(Database!B:B,Database!A:A,K8) + SUMIFS(Database!F:F,Database!A:A,K8) -> 240 | Q8: =AVERAGE(#REF!,#REF!,#REF!) -> #REF!
A9: Richard | B9: olympiade_1 | C9: 30 | D9: 30 | E9: 40 | F9: 40 | J9: 10 | K9: Bruno | L9: =AVERAGE(IFERROR(VLOOKUP($K9,Olympiade_1!$B:$F,5,FALSE()),""),IFERROR(VLOOKUP($K9,Olympiade_2!$B:$F,5,FALSE()),""),IFERROR(VLOOKUP($K9,Olympiade_3!$B:$F,5,FALSE()),""),IFERROR(VLOOKUP($K9,Olympiade_4!$B:$F,5,FALSE()),""),IFERROR(VLOOKUP($K9,Olympiade_5!$B:$F,5,FALSE()),""),IFERROR(VLOOKUP($K9,Olympiade_6!$B:$F,5,FALSE()),"")) -> #VALUE! | M9: =SUMIFS(Database!B:B,Database!A:A,K9) + SUMIFS(Database!D:D,Database!A:A,K9) -> 130 | N9: =SUMIFS(Database!B:B,Database!A:A,K9) + SUMIFS(Database!E:E,Database!A:A,K9) -> 80 | P9: =SUMIFS(Database!B:B,Database!A:A,K9) + SUMIFS(Database!F:F,Database!A:A,K9) -> 140 | Q9: =AVERAGE(#REF!,#REF!,#REF!) -> #REF!
A10: Basti | B10: olympiade_2 | C10: 30 | D10: 30 | E10: 20 | F10: 30 | J10: 7 | K10: Elias | L10: =SUMIFS(Database!B:B,Database!A:A,K10) + SUMIFS(Database!C:C,Database!A:A,K10) -> 260 | M10: =SUMIFS(Database!B:B,Database!A:A,K10) + SUMIFS(Database!D:D,Database!A:A,K10) -> 170 | N10: =SUMIFS(Database!B:B,Database!A:A,K10) + SUMIFS(Database!E:E,Database!A:A,K10) -> 190 | O10: =SUMIFS(Database!B:B,Database!A:A,K10) + SUMIFS(Database!F:F,Database!A:A,K10) -> 230 | P10: =AVERAGE(L10,M10,N10) -> 206.66667
A11: Doro | B11: olympiade_2 | C11: 30 | D11: 30 | E11: 20 | F11: 30 | J11: 15 | K11: Amelie | L11: =SUMIFS(Database!B:B,Database!A:A,K11) + SUMIFS(Database!C:C,Database!A:A,K11) -> 160 | M11: =SUMIFS(Database!B:B,Database!A:A,K11) + SUMIFS(Database!D:D,Database!A:A,K11) -> 90 | N11: =SUMIFS(Database!B:B,Database!A:A,K11) + SUMIFS(Database!E:E,Database!A:A,K11) -> 190 | O11: =SUMIFS(Database!B:B,Database!A:A,K11) + SUMIFS(Database!F:F,Database!A:A,K11) -> 100 | P11: =AVERAGE(L11,M11,N11) -> 146.66667
A12: Fabian | B12: olympiade_2 | C12: 10 | D12: 10 | E12: 40 | F12: 10 | J12: 20 | K12: Anton | L12: =SUMIFS(Database!B:B,Database!A:A,K12) + SUMIFS(Database!C:C,Database!A:A,K12) -> 80 | M12: =SUMIFS(Database!B:B,Database!A:A,K12) + SUMIFS(Database!D:D,Database!A:A,K12) -> 120 | N12: =SUMIFS(Database!B:B,Database!A:A,K12) + SUMIFS(Database!E:E,Database!A:A,K12) -> 80 | O12: =SUMIFS(Database!B:B,Database!A:A,K12) + SUMIFS(Database!F:F,Database!A:A,K12) -> 70 | P12: =AVERAGE(L12,M12,N12) -> 93.333333
A13: Georg | B13: olympiade_2 | C13: 40 | D13: 40 | E13: 30 | F13: 50 | J13: 24 | K13: Basti | L13: =SUMIFS(Database!B:B,Database!A:A,K13) + SUMIFS(Database!C:C,Database!A:A,K13) -> 60 | M13: =SUMIFS(Database!B:B,Database!A:A,K13) + SUMIFS(Database!D:D,Database!A:A,K13) -> 40 | N13: =SUMIFS(Database!B:B,Database!A:A,K13) + SUMIFS(Database!E:E,Database!A:A,K13) -> 60 | O13: =SUMIFS(Database!B:B,Database!A:A,K13) + SUMIFS(Database!F:F,Database!A:A,K13) -> 50 | P13: =AVERAGE(L13,M13,N13) -> 53.333333
A14: Hannah | B14: olympiade_2 | C14: 20 | D14: 10 | E14: 40 | F14: 10 | J14: 28 | K14: Lukas | L14: =SUMIFS(Database!B:B,Database!A:A,K14) + SUMIFS(Database!C:C,Database!A:A,K14) -> 30 | M14: =SUMIFS(Database!B:B,Database!A:A,K14) + SUMIFS(Database!D:D,Database!A:A,K14) -> 60 | N14: =SUMIFS(Database!B:B,Database!A:A,K14) + SUMIFS(Database!E:E,Database!A:A,K14) -> 10 | O14: =SUMIFS(Database!B:B,Database!A:A,K14) + SUMIFS(Database!F:F,Database!A:A,K14) -> 20 | P14: =AVERAGE(L14,M14,N14) -> 33.333333
A15: Jannes | B15: olympiade_2 | C15: 40 | D15: 40 | E15: 30 | F15: 50
A16: Jonas | B16: olympiade_2 | C16: 20 | D16: 20 | E16: 10 | F16: 20
A17: Matthias | B17: olympiade_2 | C17: 40 | D17: 40 | E17: 30 | F17: 40 | J17: Platzierung | K17: Name | L17: Flunkyball_Platzierung_Durchschnitt | M17: Beerpong_Platzierung_Durchschnitt | N17: Flipcup_Platzierung_Durchschnitt | O17: Gesamt_Platzierung_Durchschnitt | P17: Gesamtpunkte | Q17: Disziplin_Durchschnitt
A18: Melli | B18: olympiade_2 | C18: 30 | D18: 30 | E18: 20 | F18: 30 | J18: 2 | K18: Jonas | L18: =AVERAGE(IFERROR(VLOOKUP($K18,Olympiade_1!$B:$F,5,FALSE()),""),IFERROR(VLOOKUP($K18,Olympiade_2!$B:$F,5,FALSE()),""),IFERROR(VLOOKUP($K18,Olympiade_3!$B:$F,5,FALSE()),""),IFERROR(VLOOKUP($K18,Olympiade_4!$B:$F,5,FALSE()),""),IFERROR(VLOOKUP($K18,Olympiade_5!$B:$F,5,FALSE()),""),IFERROR(VLOOKUP($K18,Olympiade_6!$B:$F,5,FALSE()),"")) -> 3.8333333 | M18: =SUMIFS(Database!B:B,Database!A:A,K18) + SUMIFS(Database!D:D,Database!A:A,K18) -> 380 | N18: =SUMIFS(Database!B:B,Database!A:A,K18) + SUMIFS(Database!E:E,Database!A:A,K18) -> 290 | P18: =SUMIFS(Database!B:B,Database!A:A,K17) + SUMIFS(Database!F:F,Database!A:A,K17) -> 0 | Q18: =AVERAGE(#REF!,#REF!,#REF!) -> #REF!
A19: Richard | B19: olympiade_2 | C19: 40 | D19: 40 | E19: 30 | F19: 40 | J19: 11 | K19: Doro | L19: =AVERAGE(IFERROR(VLOOKUP($K19,Olympiade_1!$B:$F,5,FALSE()),""),IFERROR(VLOOKUP($K19,Olympiade_2!$B:$F,5,FALSE()),""),IFERROR(VLOOKUP($K19,Olympiade_3!$B:$F,5,FALSE()),""),IFERROR(VLOOKUP($K19,Olympiade_4!$B:$F,5,FALSE()),""),IFERROR(VLOOKUP($K19,Olympiade_5!$B:$F,5,FALSE()),""),IFERROR(VLOOKUP($K19,Olympiade_6!$B:$F,5,FALSE()),"")) -> #VALUE! | M19: =SUMIFS(Database!B:B,Database!A:A,K19) + SUMIFS(Database!D:D,Database!A:A,K19) -> 110 | N19: =SUMIFS(Database!B:B,Database!A:A,K19) + SUMIFS(Database!E:E,Database!A:A,K19) -> 80 | P19: =SUMIFS(Database!B:B,Database!A:A,K19) + SUMIFS(Database!F:F,Database!A:A,K19) -> 90 | Q19: =AVERAGE(#REF!,#REF!,#REF!) -> #REF!
A20: Robin | B20: olympiade_2 | C20: 20 | D20: 20 | E20: 10 | F20: 20 | J20: 17 | K20: Anna | L20: =AVERAGE(IFERROR(VLOOKUP($K20,Olympiade_1!$B:$F,5,FALSE()),""),IFERROR(VLOOKUP($K20,Olympiade_2!$B:$F,5,FALSE()),""),IFERROR(VLOOKUP($K20,Olympiade_3!$B:$F,5,FALSE()),""),IFERROR(VLOOKUP($K20,Olympiade_4!$B:$F,5,FALSE()),""),IFERROR(VLOOKUP($K20,Olympiade_5!$B:$F,5,FALSE()),""),IFERROR(VLOOKUP($K20,Olympiade_6!$B:$F,5,FALSE()),"")) -> #VALUE! | M20: =SUMIFS(Database!B:B,Database!A:A,K20) + SUMIFS(Database!D:D,Database!A:A,K20) -> 50 | N20: =SUMIFS(Database!B:B,Database!A:A,K20) + SUMIFS(Database!E:E,Database!A:A,K20) -> 60 | P20: =SUMIFS(Database!B:B,Database!A:A,K20) + SUMIFS(Database!F:F,Database!A:A,K20) -> 70 | Q20: =AVERAGE(#REF!,#REF!,#REF!) -> #REF!
A21: Anton | B21: olympiade_3 | C21: 10 | D21: 40 | E21: 30 | F21: 10 | J21: 4 | K21: Georg | L21: =SUMIFS(Database!B:B,Database!A:A,K21) + SUMIFS(Database!C:C,Database!A:A,K21) -> 210 | M21: =SUMIFS(Database!B:B,Database!A:A,K21) + SUMIFS(Database!D:D,Database!A:A,K21) -> 220 | N21: =SUMIFS(Database!B:B,Database!A:A,K21) + SUMIFS(Database!E:E,Database!A:A,K21) -> 220 | O21: =SUMIFS(Database!B:B,Database!A:A,K21) + SUMIFS(Database!F:F,Database!A:A,K21) -> 240 | P21: =AVERAGE(L21,M21,N21) -> 216.66667
A22: Bruno | B22: olympiade_3 | C22: 50 | D22: 20 | E22: 10 | F22: 20 | J22: 10 | K22: Roman | L22: =SUMIFS(Database!B:B,Database!A:A,K22) + SUMIFS(Database!C:C,Database!A:A,K22) -> 160 | M22: =SUMIFS(Database!B:B,Database!A:A,K22) + SUMIFS(Database!D:D,Database!A:A,K22) -> 200 | N22: =SUMIFS(Database!B:B,Database!A:A,K22) + SUMIFS(Database!E:E,Database!A:A,K22) -> 230 | O22: =SUMIFS(Database!B:B,Database!A:A,K22) + SUMIFS(Database!F:F,Database!A:A,K22) -> 210 | P22: =AVERAGE(L22,M22,N22) -> 196.66667
A23: Georg | B23: olympiade_3 | C23: 50 | D23: 20 | E23: 10 | F23: 20 | J23: 25 | K23: Jochen | L23: =SUMIFS(Database!B:B,Database!A:A,K23) + SUMIFS(Database!C:C,Database!A:A,K23) -> 60 | M23: =SUMIFS(Database!B:B,Database!A:A,K23) + SUMIFS(Database!D:D,Database!A:A,K23) -> 60 | N23: =SUMIFS(Database!B:B,Database!A:A,K23) + SUMIFS(Database!E:E,Database!A:A,K23) -> 50 | O23: =SUMIFS(Database!B:B,Database!A:A,K23) + SUMIFS(Database!F:F,Database!A:A,K23) -> 50 | P23: =AVERAGE(L23,M23,N23) -> 56.666667
A24: Hannah | B24: olympiade_3 | C24: 20 | D24: 30 | E24: 50 | F24: 50 | J24: 29 | K24: Moritz | L24: =SUMIFS(Database!B:B,Database!A:A,K24) + SUMIFS(Database!C:C,Database!A:A,K24) -> 40 | M24: =SUMIFS(Database!B:B,Database!A:A,K24) + SUMIFS(Database!D:D,Database!A:A,K24) -> 50 | N24: =SUMIFS(Database!B:B,Database!A:A,K24) + SUMIFS(Database!E:E,Database!A:A,K24) -> 10 | O24: =SUMIFS(Database!B:B,Database!A:A,K24) + SUMIFS(Database!F:F,Database!A:A,K24) -> 20 | P24: =AVERAGE(L24,M24,N24) -> 33.333333
A25: Jonas | B25: olympiade_3 | C25: 40 | D25: 10 | E25: 40 | F25: 30
A26: Lorenz | B26: olympiade_3 | C26: 30 | D26: 50 | E26: 20 | F26: 40
A27: Melli | B27: olympiade_3 | C27: 10 | D27: 40 | E27: 30 | F27: 10 | J27: 3 | K27: Hannah | L27: =AVERAGE(IFERROR(VLOOKUP($K27,Olympiade_1!$B:$F,5,FALSE()),""),IFERROR(VLOOKUP($K27,Olympiade_2!$B:$F,5,FALSE()),""),IFERROR(VLOOKUP($K27,Olympiade_3!$B:$F,5,FALSE()),""),IFERROR(VLOOKUP($K27,Olympiade_4!$B:$F,5,FALSE()),""),IFERROR(VLOOKUP($K27,Olympiade_5!$B:$F,5,FALSE()),""),IFERROR(VLOOKUP($K27,Olympiade_6!$B:$F,5,FALSE()),"")) -> #VALUE! | M27: =SUMIFS(Database!B:B,Database!A:A,K27) + SUMIFS(Database!D:D,Database!A:A,K27) -> 180 | N27: =SUMIFS(Database!B:B,Database!A:A,K27) + SUMIFS(Database!E:E,Database!A:A,K27) -> 390 | P27: =SUMIFS(Database!B:B,Database!A:A,K27) + SUMIFS(Database!F:F,Database!A:A,K27) -> 270 | Q27: =AVERAGE(#REF!,#REF!,#REF!) -> #REF!
A28: Richard | B28: olympiade_3 | C28: 20 | D28: 30 | E28: 50 | F28: 50 | J28: 12 | K28: Fabian | L28: =AVERAGE(IFERROR(VLOOKUP($K28,Olympiade_1!$B:$F,5,FALSE()),""),IFERROR(VLOOKUP($K28,Olympiade_2!$B:$F,5,FALSE()),""),IFERROR(VLOOKUP($K28,Olympiade_3!$B:$F,5,FALSE()),""),IFERROR(VLOOKUP($K28,Olympiade_4!$B:$F,5,FALSE()),""),IFERROR(VLOOKUP($K28,Olympiade_5!$B:$F,5,FALSE()),""),IFERROR(VLOOKUP($K28,Olympiade_6!$B:$F,5,FALSE()),"")) -> #VALUE! | M28: =SUMIFS(Database!B:B,Database!A:A,K28) + SUMIFS(Database!D:D,Database!A:A,K28) -> 90 | N28: =SUMIFS(Database!B:B,Database!A:A,K28) + SUMIFS(Database!E:E,Database!A:A,K28) -> 230 | P28: =SUMIFS(Database!B:B,Database!A:A,K28) + SUMIFS(Database!F:F,Database!A:A,K28) -> 150 | Q28: =AVERAGE(#REF!,#REF!,#REF!) -> #REF!
A29: Robin | B29: olympiade_3 | C29: 40 | D29: 10 | E29: 40 | F29: 30 | J29: 18 | K29: Carl | L29: =AVERAGE(IFERROR(VLOOKUP($K29,Olympiade_1!$B:$F,5,FALSE()),""),IFERROR(VLOOKUP($K29,Olympiade_2!$B:$F,5,FALSE()),""),IFERROR(VLOOKUP($K29,Olympiade_3!$B:$F,5,FALSE()),""),IFERROR(VLOOKUP($K29,Olympiade_4!$B:$F,5,FALSE()),""),IFERROR(VLOOKUP($K29,Olympiade_5!$B:$F,5,FALSE()),""),IFERROR(VLOOKUP($K29,Olympiade_6!$B:$F,5,FALSE()),"")) -> #VALUE! | M29: =SUMIFS(Database!B:B,Database!A:A,K29) + SUMIFS(Database!D:D,Database!A:A,K29) -> 130 | N29: =SUMIFS(Database!B:B,Database!A:A,K29) + SUMIFS(Database!E:E,Database!A:A,K29) -> 150 | P29: =SUMIFS(Database!B:B,Database!A:A,K29) + SUMIFS(Database!F:F,Database!A:A,K29) -> 160 | Q29: =AVERAGE(#REF!,#REF!,#REF!) -> #REF!
A30: Roman | B30: olympiade_3 | C30: 30 | D30: 50 | E30: 20 | F30: 40 | J30: 22 | K30: Lina | L30: =AVERAGE(IFERROR(VLOOKUP($K30,Olympiade_1!$B:$F,5,FALSE()),""),IFERROR(VLOOKUP($K30,Olympiade_2!$B:$F,5,FALSE()),""),IFERROR(VLOOKUP($K30,Olympiade_3!$B:$F,5,FALSE()),""),IFERROR(VLOOKUP($K30,Olympiade_4!$B:$F,5,FALSE()),""),IFERROR(VLOOKUP($K30,Olympiade_5!$B:$F,5,FALSE()),""),IFERROR(VLOOKUP($K30,Olympiade_6!$B:$F,5,FALSE()),"")) -> #VALUE! | M30: =SUMIFS(Database!B:B,Database!A:A,K30) + SUMIFS(Database!D:D,Database!A:A,K30) -> 60 | N30: =SUMIFS(Database!B:B,Database!A:A,K30) + SUMIFS(Database!E:E,Database!A:A,K30) -> 50 | P30: =SUMIFS(Database!B:B,Database!A:A,K30) + SUMIFS(Database!F:F,Database!A:A,K30) -> 50 | Q30: =AVERAGE(#REF!,#REF!,#REF!) -> #REF!
A31: Basti | B31: olympiade_4 | C31: 30 | D31: 10 | E31: 40 | F31: 20 | J31: 8 | K31: Bruno | L31: =SUMIFS(Database!B:B,Database!A:A,K31) + SUMIFS(Database!C:C,Database!A:A,K31) -> 210 | M31: =SUMIFS(Database!B:B,Database!A:A,K31) + SUMIFS(Database!D:D,Database!A:A,K31) -> 130 | N31: =SUMIFS(Database!B:B,Database!A:A,K31) + SUMIFS(Database!E:E,Database!A:A,K31) -> 80 | O31: =SUMIFS(Database!B:B,Database!A:A,K31) + SUMIFS(Database!F:F,Database!A:A,K31) -> 140 | P31: =AVERAGE(L31,M31,N31) -> 140
A32: Fabian | B32: olympiade_4 | C32: 20 | D32: 30 | E32: 50 | F32: 40 | J32: 21 | K32: Anna | L32: =SUMIFS(Database!B:B,Database!A:A,K32) + SUMIFS(Database!C:C,Database!A:A,K32) -> 70 | M32: =SUMIFS(Database!B:B,Database!A:A,K32) + SUMIFS(Database!D:D,Database!A:A,K32) -> 50 | N32: =SUMIFS(Database!B:B,Database!A:A,K32) + SUMIFS(Database!E:E,Database!A:A,K32) -> 60 | O32: =SUMIFS(Database!B:B,Database!A:A,K32) + SUMIFS(Database!F:F,Database!A:A,K32) -> 70 | P32: =AVERAGE(L32,M32,N32) -> 60
A33: Hannah | B33: olympiade_4 | C33: 30 | D33: 10 | E33: 40 | F33: 20 | J33: 30 | K33: Artur | L33: =SUMIFS(Database!B:B,Database!A:A,K33) + SUMIFS(Database!C:C,Database!A:A,K33) -> 10 | M33: =SUMIFS(Database!B:B,Database!A:A,K33) + SUMIFS(Database!D:D,Database!A:A,K33) -> 20 | N33: =SUMIFS(Database!B:B,Database!A:A,K33) + SUMIFS(Database!E:E,Database!A:A,K33) -> 20 | O33: =SUMIFS(Database!B:B,Database!A:A,K33) + SUMIFS(Database!F:F,Database!A:A,K33) -> 10 | P33: =AVERAGE(L33,M33,N33) -> 16.666667
A34: Jannes | B34: olympiade_4 | C34: 40 | D34: 50 | E34: 10 | F34: 40
A35: Jonas | B35: olympiade_4 | C35: 20 | D35: 30 | E35: 50 | F35: 40
A36: Matthias | B36: olympiade_4 | C36: 40 | D36: 50 | E36: 10 | F36: 40 | J36: 1 | K36: Richard | L36: =AVERAGE(IFERROR(VLOOKUP($K36,Olympiade_1!$B:$F,5,FALSE()),""),IFERROR(VLOOKUP($K36,Olympiade_2!$B:$F,5,FALSE()),""),IFERROR(VLOOKUP($K36,Olympiade_3!$B:$F,5,FALSE()),""),IFERROR(VLOOKUP($K36,Olympiade_4!$B:$F,5,FALSE()),""),IFERROR(VLOOKUP($K36,Olympiade_5!$B:$F,5,FALSE()),""),IFERROR(VLOOKUP($K36,Olympiade_6!$B:$F,5,FALSE()),"")) -> 3.3333333 | M36: =SUMIFS(Database!B:B,Database!A:A,K36) + SUMIFS(Database!D:D,Database!A:A,K36) -> 380 | N36: =SUMIFS(Database!B:B,Database!A:A,K36) + SUMIFS(Database!E:E,Database!A:A,K36) -> 290 | P36: =SUMIFS(Database!B:B,Database!A:A,K36) + SUMIFS(Database!F:F,Database!A:A,K36) -> 340 | Q36: =AVERAGE(#REF!,#REF!,#REF!) -> #REF!
A37: Oskar | B37: olympiade_4 | C37: 10 | D37: 20 | E37: 30 | F37: 10 | J37: 8 | K37: Roman | L37: =AVERAGE(IFERROR(VLOOKUP($K37,Olympiade_1!$B:$F,5,FALSE()),""),IFERROR(VLOOKUP($K37,Olympiade_2!$B:$F,5,FALSE()),""),IFERROR(VLOOKUP($K37,Olympiade_3!$B:$F,5,FALSE()),""),IFERROR(VLOOKUP($K37,Olympiade_4!$B:$F,5,FALSE()),""),IFERROR(VLOOKUP($K37,Olympiade_5!$B:$F,5,FALSE()),""),IFERROR(VLOOKUP($K37,Olympiade_6!$B:$F,5,FALSE()),"")) -> #VALUE! | M37: =SUMIFS(Database!B:B,Database!A:A,K37) + SUMIFS(Database!D:D,Database!A:A,K37) -> 200 | N37: =SUMIFS(Database!B:B,Database!A:A,K37) + SUMIFS(Database!E:E,Database!A:A,K37) -> 230 | P37: =SUMIFS(Database!B:B,Database!A:A,K37) + SUMIFS(Database!F:F,Database!A:A,K37) -> 210 | Q37: =AVERAGE(#REF!,#REF!,#REF!) -> #REF!
A38: Richard | B38: olympiade_4 | C38: 50 | D38: 40 | E38: 20 | F38: 50 | J38: 13 | K38: Lorenz | L38: =AVERAGE(IFERROR(VLOOKUP($K38,Olympiade_1!$B:$F,5,FALSE()),""),IFERROR(VLOOKUP($K38,Olympiade_2!$B:$F,5,FALSE()),""),IFERROR(VLOOKUP($K38,Olympiade_3!$B:$F,5,FALSE()),""),IFERROR(VLOOKUP($K38,Olympiade_4!$B:$F,5,FALSE()),""),IFERROR(VLOOKUP($K38,Olympiade_5!$B:$F,5,FALSE()),""),IFERROR(VLOOKUP($K38,Olympiade_6!$B:$F,5,FALSE()),"")) -> #VALUE! | M38: =SUMIFS(Database!B:B,Database!A:A,K38) + SUMIFS(Database!D:D,Database!A:A,K38) -> 180 | N38: =SUMIFS(Database!B:B,Database!A:A,K38) + SUMIFS(Database!E:E,Database!A:A,K38) -> 60 | P38: =SUMIFS(Database!B:B,Database!A:A,K38) + SUMIFS(Database!F:F,Database!A:A,K38) -> 90 | Q38: =AVERAGE(#REF!,#REF!,#REF!) -> #REF!
A39: Robin | B39: olympiade_4 | C39: 10 | D39: 20 | E39: 30 | F39: 10 | J39: 19 | K39: Melli | L39: =AVERAGE(IFERROR(VLOOKUP($K39,Olympiade_1!$B:$F,5,FALSE()),""),IFERROR(VLOOKUP($K39,Olympiade_2!$B:$F,5,FALSE()),""),IFERROR(VLOOKUP($K39,Olympiade_3!$B:$F,5,FALSE()),""),IFERROR(VLOOKUP($K39,Olympiade_4!$B:$F,5,FALSE()),""),IFERROR(VLOOKUP($K39,Olympiade_5!$B:$F,5,FALSE()),""),IFERROR(VLOOKUP($K39,Olympiade_6!$B:$F,5,FALSE()),"")) -> #VALUE! | M39: =SUMIFS(Database!B:B,Database!A:A,K39) + SUMIFS(Database!D:D,Database!A:A,K39) -> 180 | N39: =SUMIFS(Database!B:B,Database!A:A,K39) + SUMIFS(Database!E:E,Database!A:A,K39) -> 150 | P39: =SUMIFS(Database!B:B,Database!A:A,K39) + SUMIFS(Database!F:F,Database!A:A,K39) -> 120 | Q39: =AVERAGE(#REF!,#REF!,#REF!) -> #REF!
A40: Till | B40: olympiade_4 | C40: 50 | D40: 40 | E40: 20 | F40: 50 | J40: 27 | K40: Mo | L40: =AVERAGE(IFERROR(VLOOKUP($K40,Olympiade_1!$B:$F,5,FALSE()),""),IFERROR(VLOOKUP($K40,Olympiade_2!$B:$F,5,FALSE()),""),IFERROR(VLOOKUP($K40,Olympiade_3!$B:$F,5,FALSE()),""),IFERROR(VLOOKUP($K40,Olympiade_4!$B:$F,5,FALSE()),""),IFERROR(VLOOKUP($K40,Olympiade_5!$B:$F,5,FALSE()),""),IFERROR(VLOOKUP($K40,Olympiade_6!$B:$F,5,FALSE()),"")) -> #VALUE! | M40: =SUMIFS(Database!B:B,Database!A:A,K40) + SUMIFS(Database!D:D,Database!A:A,K40) -> 90 | N40: =SUMIFS(Database!B:B,Database!A:A,K40) + SUMIFS(Database!E:E,Database!A:A,K40) -> 30 | P40: =SUMIFS(Database!B:B,Database!A:A,K40) + SUMIFS(Database!F:F,Database!A:A,K40) -> 80 | Q40: =AVERAGE(#REF!,#REF!,#REF!) -> #REF!
A41: Amelie | B41: olympiade_5 | C41: 40 | D41: 20 | E41: 70 | F41: 40
A42: Anna | B42: olympiade_5 | C42: 70 | D42: 50 | E42: 60 | F42: 70 | J42: 2 | K42: Jonas | L42: =SUMIFS(Database!B:B,Database!A:A,K42) + SUMIFS(Database!C:C,Database!A:A,K42) -> 340 | M42: =SUMIFS(Database!B:B,Database!A:A,K42) + SUMIFS(Database!D:D,Database!A:A,K42) -> 380 | N42: =SUMIFS(Database!B:B,Database!A:A,K42) + SUMIFS(Database!E:E,Database!A:A,K42) -> 290 | O42: =SUMIFS(Database!B:B,Database!A:A,K41) + SUMIFS(Database!F:F,Database!A:A,K41) -> 0 | P42: =AVERAGE(L42,M42,N42) -> 336.66667
A43: Bruno | B43: olympiade_5 | C43: 80 | D43: 80 | E43: 20 | F43: 70 | J43: 11 | K43: Robin | L43: =SUMIFS(Database!B:B,Database!A:A,K43) + SUMIFS(Database!C:C,Database!A:A,K43) -> 170 | M43: =SUMIFS(Database!B:B,Database!A:A,K43) + SUMIFS(Database!D:D,Database!A:A,K43) -> 140 | N43: =SUMIFS(Database!B:B,Database!A:A,K43) + SUMIFS(Database!E:E,Database!A:A,K43) -> 190 | O43: =SUMIFS(Database!B:B,Database!A:A,K43) + SUMIFS(Database!F:F,Database!A:A,K43) -> 140 | P43: =AVERAGE(L43,M43,N43) -> 166.66667
A44: Charlie | B44: olympiade_5 | C44: 10 | D44: 10 | E44: 10 | F44: 10 | J44: 14 | K44: Doro | L44: =SUMIFS(Database!B:B,Database!A:A,K44) + SUMIFS(Database!C:C,Database!A:A,K44) -> 50 | M44: =SUMIFS(Database!B:B,Database!A:A,K44) + SUMIFS(Database!D:D,Database!A:A,K44) -> 110 | N44: =SUMIFS(Database!B:B,Database!A:A,K44) + SUMIFS(Database!E:E,Database!A:A,K44) -> 80 | O44: =SUMIFS(Database!B:B,Database!A:A,K44) + SUMIFS(Database!F:F,Database!A:A,K44) -> 90 | P44: =AVERAGE(L44,M44,N44) -> 80
A45: Elias | B45: olympiade_5 | C45: 40 | D45: 20 | E45: 70 | F45: 40 | J45: 18 | K45: Matthias | L45: =SUMIFS(Database!B:B,Database!A:A,K45) + SUMIFS(Database!C:C,Database!A:A,K45) -> 80 | M45: =SUMIFS(Database!B:B,Database!A:A,K45) + SUMIFS(Database!D:D,Database!A:A,K45) -> 90 | N45: =SUMIFS(Database!B:B,Database!A:A,K45) + SUMIFS(Database!E:E,Database!A:A,K45) -> 40 | O45: =SUMIFS(Database!B:B,Database!A:A,K45) + SUMIFS(Database!F:F,Database!A:A,K45) -> 80 | P45: =AVERAGE(L45,M45,N45) -> 70
A46: Georg | B46: olympiade_5 | C46: 50 | D46: 70 | E46: 80 | F46: 80 | J46: 26 | K46: Lina | L46: =SUMIFS(Database!B:B,Database!A:A,K46) + SUMIFS(Database!C:C,Database!A:A,K46) -> 60 | M46: =SUMIFS(Database!B:B,Database!A:A,K46) + SUMIFS(Database!D:D,Database!A:A,K46) -> 60 | N46: =SUMIFS(Database!B:B,Database!A:A,K46) + SUMIFS(Database!E:E,Database!A:A,K46) -> 50 | O46: =SUMIFS(Database!B:B,Database!A:A,K46) + SUMIFS(Database!F:F,Database!A:A,K46) -> 50 | P46: =AVERAGE(L46,M46,N46) -> 56.666667
A47: Hannah | B47: olympiade_5 | C47: 50 | D47: 70 | E47: 80 | F47: 80 | J47: 31 | K47: Lena | L47: =SUMIFS(Database!B:B,Database!A:A,K47) + SUMIFS(Database!C:C,Database!A:A,K47) -> 20 | M47: =SUMIFS(Database!B:B,Database!A:A,K47) + SUMIFS(Database!D:D,Database!A:A,K47) -> 50 | N47: =SUMIFS(Database!B:B,Database!A:A,K47) + SUMIFS(Database!E:E,Database!A:A,K47) -> 40 | O47: =SUMIFS(Database!B:B,Database!A:A,K47) + SUMIFS(Database!F:F,Database!A:A,K47) -> 20 | P47: =AVERAGE(L47,M47,N47) -> 36.666667
A48: Jannes | B48: olympiade_5 | C48: 30 | D48: 30 | E48: 40 | F48: 30
A49: Jochen | B49: olympiade_5 | C49: 60 | D49: 60 | E49: 50 | F49: 50
A50: Jonas | B50: olympiade_5 | C50: 80 | D50: 80 | E50: 20 | F50: 70
A51: Lina | B51: olympiade_5 | C51: 60 | D51: 60 | E51: 50 | F51: 50
A52: Melli | B52: olympiade_5 | C52: 20 | D52: 40 | E52: 30 | F52: 20 | J52: 4 | K52: Till | L52: =AVERAGE(IFERROR(VLOOKUP($K52,Olympiade_1!$B:$F,5,FALSE()),""),IFERROR(VLOOKUP($K52,Olympiade_2!$B:$F,5,FALSE()),""),IFERROR(VLOOKUP($K52,Olympiade_3!$B:$F,5,FALSE()),""),IFERROR(VLOOKUP($K52,Olympiade_4!$B:$F,5,FALSE()),""),IFERROR(VLOOKUP($K52,Olympiade_5!$B:$F,5,FALSE()),""),IFERROR(VLOOKUP($K52,Olympiade_6!$B:$F,5,FALSE()),"")) -> #VALUE! | M52: =SUMIFS(Database!B:B,Database!A:A,K52) + SUMIFS(Database!D:D,Database!A:A,K52) -> 180 | N52: =SUMIFS(Database!B:B,Database!A:A,K52) + SUMIFS(Database!E:E,Database!A:A,K52) -> 240 | P52: =SUMIFS(Database!B:B,Database!A:A,K52) + SUMIFS(Database!F:F,Database!A:A,K52) -> 260 | Q52: =AVERAGE(#REF!,#REF!,#REF!) -> #REF!
A53: Richard | B53: olympiade_5 | C53: 20 | D53: 40 | E53: 30 | F53: 20 | J53: 14 | K53: Matthias | L53: =AVERAGE(IFERROR(VLOOKUP($K53,Olympiade_1!$B:$F,5,FALSE()),""),IFERROR(VLOOKUP($K53,Olympiade_2!$B:$F,5,FALSE()),""),IFERROR(VLOOKUP($K53,Olympiade_3!$B:$F,5,FALSE()),""),IFERROR(VLOOKUP($K53,Olympiade_4!$B:$F,5,FALSE()),""),IFERROR(VLOOKUP($K53,Olympiade_5!$B:$F,5,FALSE()),""),IFERROR(VLOOKUP($K53,Olympiade_6!$B:$F,5,FALSE()),"")) -> #VALUE! | M53: =SUMIFS(Database!B:B,Database!A:A,K53) + SUMIFS(Database!D:D,Database!A:A,K53) -> 90 | N53: =SUMIFS(Database!B:B,Database!A:A,K53) + SUMIFS(Database!E:E,Database!A:A,K53) -> 40 | P53: =SUMIFS(Database!B:B,Database!A:A,K53) + SUMIFS(Database!F:F,Database!A:A,K53) -> 80 | Q53: =AVERAGE(#REF!,#REF!,#REF!) -> #REF!
A54: Robin | B54: olympiade_5 | C54: 10 | D54: 10 | E54: 10 | F54: 10 | J54: 20 | K54: Anton | L54: =AVERAGE(IFERROR(VLOOKUP($K54,Olympiade_1!$B:$F,5,FALSE()),""),IFERROR(VLOOKUP($K54,Olympiade_2!$B:$F,5,FALSE()),""),IFERROR(VLOOKUP($K54,Olympiade_3!$B:$F,5,FALSE()),""),IFERROR(VLOOKUP($K54,Olympiade_4!$B:$F,5,FALSE()),""),IFERROR(VLOOKUP($K54,Olympiade_5!$B:$F,5,FALSE()),""),IFERROR(VLOOKUP($K54,Olympiade_6!$B:$F,5,FALSE()),"")) -> #VALUE! | M54: =SUMIFS(Database!B:B,Database!A:A,K54) + SUMIFS(Database!D:D,Database!A:A,K54) -> 120 | N54: =SUMIFS(Database!B:B,Database!A:A,K54) + SUMIFS(Database!E:E,Database!A:A,K54) -> 80 | P54: =SUMIFS(Database!B:B,Database!A:A,K54) + SUMIFS(Database!F:F,Database!A:A,K54) -> 70 | Q54: =AVERAGE(#REF!,#REF!,#REF!) -> #REF!
A55: Roman | B55: olympiade_5 | C55: 30 | D55: 30 | E55: 40 | F55: 30 | J55: 23 | K55: Basti | L55: =AVERAGE(IFERROR(VLOOKUP($K55,Olympiade_1!$B:$F,5,FALSE()),""),IFERROR(VLOOKUP($K55,Olympiade_2!$B:$F,5,FALSE()),""),IFERROR(VLOOKUP($K55,Olympiade_3!$B:$F,5,FALSE()),""),IFERROR(VLOOKUP($K55,Olympiade_4!$B:$F,5,FALSE()),""),IFERROR(VLOOKUP($K55,Olympiade_5!$B:$F,5,FALSE()),""),IFERROR(VLOOKUP($K55,Olympiade_6!$B:$F,5,FALSE()),"")) -> #VALUE! | M55: =SUMIFS(Database!B:B,Database!A:A,K55) + SUMIFS(Database!D:D,Database!A:A,K55) -> 40 | N55: =SUMIFS(Database!B:B,Database!A:A,K55) + SUMIFS(Database!E:E,Database!A:A,K55) -> 60 | P55: =SUMIFS(Database!B:B,Database!A:A,K55) + SUMIFS(Database!F:F,Database!A:A,K55) -> 50 | Q55: =AVERAGE(#REF!,#REF!,#REF!) -> #REF!
A56: Till | B56: olympiade_5 | C56: 70 | D56: 50 | E56: 60 | F56: 70 | J56: 28 | K56: Artur | L56: =AVERAGE(IFERROR(VLOOKUP($K56,Olympiade_1!$B:$F,5,FALSE()),""),IFERROR(VLOOKUP($K56,Olympiade_2!$B:$F,5,FALSE()),""),IFERROR(VLOOKUP($K56,Olympiade_3!$B:$F,5,FALSE()),""),IFERROR(VLOOKUP($K56,Olympiade_4!$B:$F,5,FALSE()),""),IFERROR(VLOOKUP($K56,Olympiade_5!$B:$F,5,FALSE()),""),IFERROR(VLOOKUP($K56,Olympiade_6!$B:$F,5,FALSE()),"")) -> #VALUE! | M56: =SUMIFS(Database!B:B,Database!A:A,K56) + SUMIFS(Database!D:D,Database!A:A,K56) -> 20 | N56: =SUMIFS(Database!B:B,Database!A:A,K56) + SUMIFS(Database!E:E,Database!A:A,K56) -> 20 | P56: =SUMIFS(Database!B:B,Database!A:A,K56) + SUMIFS(Database!F:F,Database!A:A,K56) -> 10 | Q56: =AVERAGE(#REF!,#REF!,#REF!) -> #REF!
A57: Amelie | B57: olympiade_6 | C57: 80 | D57: 10 | E57: 50 | F57: 30 | J57: Platzierung | K57: Name | L57: Flunkyball | M57: Beerpong | N57: Flipcup | O57: Gesamtpunkte | P57: Disziplin_Durchschnitt
A58: Artur | B58: olympiade_6 | C58: 10 | D58: 20 | E58: 20 | F58: 10 | J58: 6 | K58: Jannes | L58: =SUMIFS(Database!B:B,Database!A:A,K58) + SUMIFS(Database!C:C,Database!A:A,K58) -> 270 | M58: =SUMIFS(Database!B:B,Database!A:A,K58) + SUMIFS(Database!D:D,Database!A:A,K58) -> 280 | N58: =SUMIFS(Database!B:B,Database!A:A,K58) + SUMIFS(Database!E:E,Database!A:A,K58) -> 230 | O58: =SUMIFS(Database!B:B,Database!A:A,K58) + SUMIFS(Database!F:F,Database!A:A,K58) -> 300 | P58: =AVERAGE(L58,M58,N58) -> 260
A59: Carl | B59: olympiade_6 | C59: 70 | D59: 40 | E59: 70 | F59: 70 | J59: 13 | K59: Jason | L59: =SUMIFS(Database!B:B,Database!A:A,K59) + SUMIFS(Database!C:C,Database!A:A,K59) -> 80 | M59: =SUMIFS(Database!B:B,Database!A:A,K59) + SUMIFS(Database!D:D,Database!A:A,K59) -> 140 | N59: =SUMIFS(Database!B:B,Database!A:A,K59) + SUMIFS(Database!E:E,Database!A:A,K59) -> 230 | O59: =SUMIFS(Database!B:B,Database!A:A,K59) + SUMIFS(Database!F:F,Database!A:A,K59) -> 150 | P59: =AVERAGE(L59,M59,N59) -> 150
A60: Doro | B60: olympiade_6 | C60: 20 | D60: 80 | E60: 60 | F60: 60 | J60: 16 | K60: Fabian | L60: =SUMIFS(Database!B:B,Database!A:A,K60) + SUMIFS(Database!C:C,Database!A:A,K60) -> 160 | M60: =SUMIFS(Database!B:B,Database!A:A,K60) + SUMIFS(Database!D:D,Database!A:A,K60) -> 90 | N60: =SUMIFS(Database!B:B,Database!A:A,K60) + SUMIFS(Database!E:E,Database!A:A,K60) -> 230 | O60: =SUMIFS(Database!B:B,Database!A:A,K60) + SUMIFS(Database!F:F,Database!A:A,K60) -> 150 | P60: =AVERAGE(L60,M60,N60) -> 160
A61: Elias | B61: olympiade_6 | C61: 90 | D61: 50 | E61: 80 | F61: 90 | J61: 19 | K61: Siggi | L61: =SUMIFS(Database!B:B,Database!A:A,K61) + SUMIFS(Database!C:C,Database!A:A,K61) -> 160 | M61: =SUMIFS(Database!B:B,Database!A:A,K61) + SUMIFS(Database!D:D,Database!A:A,K61) -> 140 | N61: =SUMIFS(Database!B:B,Database!A:A,K61) + SUMIFS(Database!E:E,Database!A:A,K61) -> 110 | O61: =SUMIFS(Database!B:B,Database!A:A,K61) + SUMIFS(Database!F:F,Database!A:A,K61) -> 160 | P61: =AVERAGE(L61,M61,N61) -> 136.66667
A62: Fabian | B62: olympiade_6 | C62: 80 | D62: 10 | E62: 50 | F62: 30 | J62: 22 | K62: Carl | L62: =SUMIFS(Database!B:B,Database!A:A,K62) + SUMIFS(Database!C:C,Database!A:A,K62) -> 130 | M62: =SUMIFS(Database!B:B,Database!A:A,K62) + SUMIFS(Database!D:D,Database!A:A,K62) -> 130 | N62: =SUMIFS(Database!B:B,Database!A:A,K62) + SUMIFS(Database!E:E,Database!A:A,K62) -> 150 | O62: =SUMIFS(Database!B:B,Database!A:A,K62) + SUMIFS(Database!F:F,Database!A:A,K62) -> 160 | P62: =AVERAGE(L62,M62,N62) -> 136.66667
A63: Hannah | B63: olympiade_6 | C63: 70 | D63: 40 | E63: 70 | F63: 70 | J63: 32 | K63: Mo | L63: =SUMIFS(Database!B:B,Database!A:A,K63) + SUMIFS(Database!C:C,Database!A:A,K63) -> 110 | M63: =SUMIFS(Database!B:B,Database!A:A,K63) + SUMIFS(Database!D:D,Database!A:A,K63) -> 90 | N63: =SUMIFS(Database!B:B,Database!A:A,K63) + SUMIFS(Database!E:E,Database!A:A,K63) -> 30 | O63: =SUMIFS(Database!B:B,Database!A:A,K63) + SUMIFS(Database!F:F,Database!A:A,K63) -> 80 | P63: =AVERAGE(L63,M63,N63) -> 76.666667
A64: Jannes | B64: olympiade_6 | C64: 60 | D64: 90 | E64: 40 | F64: 80
A65: Jason | B65: olympiade_6 | C65: 40 | D65: 30 | E65: 90 | F65: 50
A66: Jonas | B66: olympiade_6 | C66: 20 | D66: 80 | E66: 60 | F66: 60
A67: Lena | B67: olympiade_6 | C67: 10 | D67: 20 | E67: 20 | F67: 10
A68: Lorenz | B68: olympiade_6 | C68: 30 | D68: 60 | E68: 10 | F68: 20
A69: Lukas | B69: olympiade_6 | C69: 30 | D69: 60 | E69: 10 | F69: 20
A70: Marc | B70: olympiade_6 | C70: 60 | D70: 90 | E70: 40 | F70: 80
A71: Richard | B71: olympiade_6 | C71: 50 | D71: 70 | E71: 30 | F71: 40 | J71: 15 | K71: Marc | L71: =AVERAGE(IFERROR(VLOOKUP($K71,Olympiade_1!$B:$F,5,FALSE()),""),IFERROR(VLOOKUP($K71,Olympiade_2!$B:$F,5,FALSE()),""),IFERROR(VLOOKUP($K71,Olympiade_3!$B:$F,5,FALSE()),""),IFERROR(VLOOKUP($K71,Olympiade_4!$B:$F,5,FALSE()),""),IFERROR(VLOOKUP($K71,Olympiade_5!$B:$F,5,FALSE()),""),IFERROR(VLOOKUP($K71,Olympiade_6!$B:$F,5,FALSE()),"")) -> #VALUE! | M71: =SUMIFS(Database!B:B,Database!A:A,K71) + SUMIFS(Database!D:D,Database!A:A,K71) -> 120 | N71: =SUMIFS(Database!B:B,Database!A:A,K71) + SUMIFS(Database!E:E,Database!A:A,K71) -> 60 | P71: =SUMIFS(Database!B:B,Database!A:A,K71) + SUMIFS(Database!F:F,Database!A:A,K71) -> 110 | Q71: =AVERAGE(L14,M14,N14) -> 33.333333
A72: Robin | B72: olympiade_6 | C72: 50 | D72: 70 | E72: 30 | F72: 40 | J72: 21 | K72: Jochen | L72: =AVERAGE(IFERROR(VLOOKUP($K72,Olympiade_1!$B:$F,5,FALSE()),""),IFERROR(VLOOKUP($K72,Olympiade_2!$B:$F,5,FALSE()),""),IFERROR(VLOOKUP($K72,Olympiade_3!$B:$F,5,FALSE()),""),IFERROR(VLOOKUP($K72,Olympiade_4!$B:$F,5,FALSE()),""),IFERROR(VLOOKUP($K72,Olympiade_5!$B:$F,5,FALSE()),""),IFERROR(VLOOKUP($K72,Olympiade_6!$B:$F,5,FALSE()),"")) -> #VALUE! | M72: =SUMIFS(Database!B:B,Database!A:A,K72) + SUMIFS(Database!D:D,Database!A:A,K72) -> 60 | N72: =SUMIFS(Database!B:B,Database!A:A,K72) + SUMIFS(Database!E:E,Database!A:A,K72) -> 50 | P72: =SUMIFS(Database!B:B,Database!A:A,K72) + SUMIFS(Database!F:F,Database!A:A,K72) -> 50 | Q72: =AVERAGE(L15,M15,N15) -> #DIV/0!
A73: Roman | B73: olympiade_6 | C73: 40 | D73: 30 | E73: 90 | F73: 50 | J73: 24 | K73: Jason | L73: =AVERAGE(IFERROR(VLOOKUP($K73,Olympiade_1!$B:$F,5,FALSE()),""),IFERROR(VLOOKUP($K73,Olympiade_2!$B:$F,5,FALSE()),""),IFERROR(VLOOKUP($K73,Olympiade_3!$B:$F,5,FALSE()),""),IFERROR(VLOOKUP($K73,Olympiade_4!$B:$F,5,FALSE()),""),IFERROR(VLOOKUP($K73,Olympiade_5!$B:$F,5,FALSE()),""),IFERROR(VLOOKUP($K73,Olympiade_6!$B:$F,5,FALSE()),"")) -> #VALUE! | M73: =SUMIFS(Database!B:B,Database!A:A,K73) + SUMIFS(Database!D:D,Database!A:A,K73) -> 140 | N73: =SUMIFS(Database!B:B,Database!A:A,K73) + SUMIFS(Database!E:E,Database!A:A,K73) -> 230 | P73: =SUMIFS(Database!B:B,Database!A:A,K73) + SUMIFS(Database!F:F,Database!A:A,K73) -> 150 | Q73: =AVERAGE(L16,M16,N16) -> #DIV/0!
A74: Till | B74: olympiade_6 | C74: 90 | D74: 50 | E74: 80 | F74: 90 | J74: 29 | K74: Lena | L74: =AVERAGE(IFERROR(VLOOKUP($K74,Olympiade_1!$B:$F,5,FALSE()),""),IFERROR(VLOOKUP($K74,Olympiade_2!$B:$F,5,FALSE()),""),IFERROR(VLOOKUP($K74,Olympiade_3!$B:$F,5,FALSE()),""),IFERROR(VLOOKUP($K74,Olympiade_4!$B:$F,5,FALSE()),""),IFERROR(VLOOKUP($K74,Olympiade_5!$B:$F,5,FALSE()),""),IFERROR(VLOOKUP($K74,Olympiade_6!$B:$F,5,FALSE()),"")) -> #VALUE! | M74: =SUMIFS(Database!B:B,Database!A:A,K74) + SUMIFS(Database!D:D,Database!A:A,K74) -> 50 | N74: =SUMIFS(Database!B:B,Database!A:A,K74) + SUMIFS(Database!E:E,Database!A:A,K74) -> 40 | P74: =SUMIFS(Database!B:B,Database!A:A,K74) + SUMIFS(Database!F:F,Database!A:A,K74) -> 20 | Q74: =AVERAGE(L17,M17,N17) -> #DIV/0!
A75: Amelie | B75: olympiade_7 | C75: 10 | D75: 10 | E75: 40 | F75: 10 | J75: 1 | K75: Richard | L75: =SUMIFS(Database!B:B,Database!A:A,K75) + SUMIFS(Database!C:C,Database!A:A,K75) -> 320 | M75: =SUMIFS(Database!B:B,Database!A:A,K75) + SUMIFS(Database!D:D,Database!A:A,K75) -> 380 | N75: =SUMIFS(Database!B:B,Database!A:A,K75) + SUMIFS(Database!E:E,Database!A:A,K75) -> 290 | O75: =SUMIFS(Database!B:B,Database!A:A,K75) + SUMIFS(Database!F:F,Database!A:A,K75) -> 340 | P75: =AVERAGE(L75,M75,N75) -> 330
A76: Anton | B76: olympiade_7 | C76: 40 | D76: 50 | E76: 10 | F76: 20 | J76: 5 | K76: Hannah | L76: =SUMIFS(Database!B:B,Database!A:A,K76) + SUMIFS(Database!C:C,Database!A:A,K76) -> 240 | M76: =SUMIFS(Database!B:B,Database!A:A,K76) + SUMIFS(Database!D:D,Database!A:A,K76) -> 180 | N76: =SUMIFS(Database!B:B,Database!A:A,K76) + SUMIFS(Database!E:E,Database!A:A,K76) -> 390 | O76: =SUMIFS(Database!B:B,Database!A:A,K76) + SUMIFS(Database!F:F,Database!A:A,K76) -> 270 | P76: =AVERAGE(L76,M76,N76) -> 270
A77: Bruno | B77: olympiade_7 | C77: 60 | D77: 20 | E77: 30 | F77: 40 | J77: 12 | K77: Marc | L77: =SUMIFS(Database!B:B,Database!A:A,K77) + SUMIFS(Database!C:C,Database!A:A,K77) -> 110 | M77: =SUMIFS(Database!B:B,Database!A:A,K77) + SUMIFS(Database!D:D,Database!A:A,K77) -> 120 | N77: =SUMIFS(Database!B:B,Database!A:A,K77) + SUMIFS(Database!E:E,Database!A:A,K77) -> 60 | O77: =SUMIFS(Database!B:B,Database!A:A,K77) + SUMIFS(Database!F:F,Database!A:A,K77) -> 110 | P77: =AVERAGE(L77,M77,N77) -> 96.666667
A78: Georg | B78: olympiade_7 | C78: 30 | D78: 70 | E78: 70 | F78: 60 | J78: 27 | K78: Oskar | L78: =SUMIFS(Database!B:B,Database!A:A,K78) + SUMIFS(Database!C:C,Database!A:A,K78) -> 140 | M78: =SUMIFS(Database!B:B,Database!A:A,K78) + SUMIFS(Database!D:D,Database!A:A,K78) -> 60 | N78: =SUMIFS(Database!B:B,Database!A:A,K78) + SUMIFS(Database!E:E,Database!A:A,K78) -> 100 | O78: =SUMIFS(Database!B:B,Database!A:A,K78) + SUMIFS(Database!F:F,Database!A:A,K78) -> 90 | P78: =AVERAGE(L78,M78,N78) -> 100
A79: Hannah | B79: olympiade_7 | C79: 10 | D79: 10 | E79: 40 | F79: 10 | J79: 33 | K79: Charlie | L79: =SUMIFS(Database!B:B,Database!A:A,K79) + SUMIFS(Database!C:C,Database!A:A,K79) -> 10 | M79: =SUMIFS(Database!B:B,Database!A:A,K79) + SUMIFS(Database!D:D,Database!A:A,K79) -> 10 | N79: =SUMIFS(Database!B:B,Database!A:A,K79) + SUMIFS(Database!E:E,Database!A:A,K79) -> 10 | O79: =SUMIFS(Database!B:B,Database!A:A,K79) + SUMIFS(Database!F:F,Database!A:A,K79) -> 10 | P79: =AVERAGE(L79,M79,N79) -> 10
A80: Jannes | B80: olympiade_7 | C80: 50 | D80: 30 | E80: 20 | F80: 30
A81: Jason | B81: olympiade_7 | C81: 20 | D81: 40 | E81: 80 | F81: 50
A82: Jonas | B82: olympiade_7 | C82: 70 | D82: 60 | E82: 50 | F82: 70
A83: Marc | B83: olympiade_7 | C83: 50 | D83: 30 | E83: 20 | F83: 30
A84: Melli | B84: olympiade_7 | C84: 30 | D84: 70 | E84: 70 | F84: 60 | J84: 5 | K84: Jannes | L84: =AVERAGE(IFERROR(VLOOKUP($K84,Olympiade_1!$B:$F,5,FALSE()),""),IFERROR(VLOOKUP($K84,Olympiade_2!$B:$F,5,FALSE()),""),IFERROR(VLOOKUP($K84,Olympiade_3!$B:$F,5,FALSE()),""),IFERROR(VLOOKUP($K84,Olympiade_4!$B:$F,5,FALSE()),""),IFERROR(VLOOKUP($K84,Olympiade_5!$B:$F,5,FALSE()),""),IFERROR(VLOOKUP($K84,Olympiade_6!$B:$F,5,FALSE()),"")) -> #VALUE! | M84: =SUMIFS(Database!B:B,Database!A:A,K84) + SUMIFS(Database!D:D,Database!A:A,K84) -> 280 | N84: =SUMIFS(Database!B:B,Database!A:A,K84) + SUMIFS(Database!E:E,Database!A:A,K84) -> 230 | P84: =SUMIFS(Database!B:B,Database!A:A,K84) + SUMIFS(Database!F:F,Database!A:A,K84) -> 300 | Q84: =AVERAGE(L27,M27,N27) -> #VALUE!
A85: Moritz | B85: olympiade_7 | C85: 40 | D85: 50 | E85: 10 | F85: 20 | J85: 7 | K85: Elias | L85: =AVERAGE(IFERROR(VLOOKUP($K85,Olympiade_1!$B:$F,5,FALSE()),""),IFERROR(VLOOKUP($K85,Olympiade_2!$B:$F,5,FALSE()),""),IFERROR(VLOOKUP($K85,Olympiade_3!$B:$F,5,FALSE()),""),IFERROR(VLOOKUP($K85,Olympiade_4!$B:$F,5,FALSE()),""),IFERROR(VLOOKUP($K85,Olympiade_5!$B:$F,5,FALSE()),""),IFERROR(VLOOKUP($K85,Olympiade_6!$B:$F,5,FALSE()),"")) -> #VALUE! | M85: =SUMIFS(Database!B:B,Database!A:A,K85) + SUMIFS(Database!D:D,Database!A:A,K85) -> 170 | N85: =SUMIFS(Database!B:B,Database!A:A,K85) + SUMIFS(Database!E:E,Database!A:A,K85) -> 190 | P85: =SUMIFS(Database!B:B,Database!A:A,K85) + SUMIFS(Database!F:F,Database!A:A,K85) -> 230 | Q85: =AVERAGE(L28,M28,N28) -> #VALUE!
A86: Oskar | B86: olympiade_7 | C86: 60 | D86: 20 | E86: 30 | F86: 40 | J86: 9 | K86: Robin | L86: =AVERAGE(IFERROR(VLOOKUP($K86,Olympiade_1!$B:$F,5,FALSE()),""),IFERROR(VLOOKUP($K86,Olympiade_2!$B:$F,5,FALSE()),""),IFERROR(VLOOKUP($K86,Olympiade_3!$B:$F,5,FALSE()),""),IFERROR(VLOOKUP($K86,Olympiade_4!$B:$F,5,FALSE()),""),IFERROR(VLOOKUP($K86,Olympiade_5!$B:$F,5,FALSE()),""),IFERROR(VLOOKUP($K86,Olympiade_6!$B:$F,5,FALSE()),"")) -> #VALUE! | M86: =SUMIFS(Database!B:B,Database!A:A,K86) + SUMIFS(Database!D:D,Database!A:A,K86) -> 140 | N86: =SUMIFS(Database!B:B,Database!A:A,K86) + SUMIFS(Database!E:E,Database!A:A,K86) -> 190 | P86: =SUMIFS(Database!B:B,Database!A:A,K86) + SUMIFS(Database!F:F,Database!A:A,K86) -> 140 | Q86: =AVERAGE(L29,M29,N29) -> #VALUE!
A87: Richard | B87: olympiade_7 | C87: 80 | D87: 80 | E87: 60 | F87: 80 | J87: 16 | K87: Amelie | L87: =AVERAGE(IFERROR(VLOOKUP($K87,Olympiade_1!$B:$F,5,FALSE()),""),IFERROR(VLOOKUP($K87,Olympiade_2!$B:$F,5,FALSE()),""),IFERROR(VLOOKUP($K87,Olympiade_3!$B:$F,5,FALSE()),""),IFERROR(VLOOKUP($K87,Olympiade_4!$B:$F,5,FALSE()),""),IFERROR(VLOOKUP($K87,Olympiade_5!$B:$F,5,FALSE()),""),IFERROR(VLOOKUP($K87,Olympiade_6!$B:$F,5,FALSE()),"")) -> #VALUE! | M87: =SUMIFS(Database!B:B,Database!A:A,K87) + SUMIFS(Database!D:D,Database!A:A,K87) -> 90 | N87: =SUMIFS(Database!B:B,Database!A:A,K87) + SUMIFS(Database!E:E,Database!A:A,K87) -> 190 | P87: =SUMIFS(Database!B:B,Database!A:A,K87) + SUMIFS(Database!F:F,Database!A:A,K87) -> 100 | Q87: =AVERAGE(L30,M30,N30) -> #VALUE!
A88: Siggi | B88: olympiade_7 | C88: 80 | D88: 80 | E88: 60 | F88: 80 | J88: 25 | K88: Lukas | L88: =AVERAGE(IFERROR(VLOOKUP($K88,Olympiade_1!$B:$F,5,FALSE()),""),IFERROR(VLOOKUP($K88,Olympiade_2!$B:$F,5,FALSE()),""),IFERROR(VLOOKUP($K88,Olympiade_3!$B:$F,5,FALSE()),""),IFERROR(VLOOKUP($K88,Olympiade_4!$B:$F,5,FALSE()),""),IFERROR(VLOOKUP($K88,Olympiade_5!$B:$F,5,FALSE()),""),IFERROR(VLOOKUP($K88,Olympiade_6!$B:$F,5,FALSE()),"")) -> #VALUE! | M88: =SUMIFS(Database!B:B,Database!A:A,K88) + SUMIFS(Database!D:D,Database!A:A,K88) -> 60 | N88: =SUMIFS(Database!B:B,Database!A:A,K88) + SUMIFS(Database!E:E,Database!A:A,K88) -> 10 | P88: =SUMIFS(Database!B:B,Database!A:A,K88) + SUMIFS(Database!F:F,Database!A:A,K88) -> 20 | Q88: =AVERAGE(L31,M31,N31) -> 140
A89: Theo | B89: olympiade_7 | C89: 70 | D89: 60 | E89: 50 | F89: 70 | J89: 26 | K89: Oskar | L89: =AVERAGE(IFERROR(VLOOKUP($K89,Olympiade_1!$B:$F,5,FALSE()),""),IFERROR(VLOOKUP($K89,Olympiade_2!$B:$F,5,FALSE()),""),IFERROR(VLOOKUP($K89,Olympiade_3!$B:$F,5,FALSE()),""),IFERROR(VLOOKUP($K89,Olympiade_4!$B:$F,5,FALSE()),""),IFERROR(VLOOKUP($K89,Olympiade_5!$B:$F,5,FALSE()),""),IFERROR(VLOOKUP($K89,Olympiade_6!$B:$F,5,FALSE()),"")) -> #VALUE! | M89: =SUMIFS(Database!B:B,Database!A:A,K89) + SUMIFS(Database!D:D,Database!A:A,K89) -> 60 | N89: =SUMIFS(Database!B:B,Database!A:A,K89) + SUMIFS(Database!E:E,Database!A:A,K89) -> 100 | P89: =SUMIFS(Database!B:B,Database!A:A,K89) + SUMIFS(Database!F:F,Database!A:A,K89) -> 90 | Q89: =AVERAGE(L32,M32,N32) -> 60
A90: Till | B90: olympiade_7 | C90: 20 | D90: 40 | E90: 80 | F90: 50 | J90: 30 | K90: Charlie | L90: =AVERAGE(IFERROR(VLOOKUP($K90,Olympiade_1!$B:$F,5,FALSE()),""),IFERROR(VLOOKUP($K90,Olympiade_2!$B:$F,5,FALSE()),""),IFERROR(VLOOKUP($K90,Olympiade_3!$B:$F,5,FALSE()),""),IFERROR(VLOOKUP($K90,Olympiade_4!$B:$F,5,FALSE()),""),IFERROR(VLOOKUP($K90,Olympiade_5!$B:$F,5,FALSE()),""),IFERROR(VLOOKUP($K90,Olympiade_6!$B:$F,5,FALSE()),"")) -> #VALUE! | M90: =SUMIFS(Database!B:B,Database!A:A,K90) + SUMIFS(Database!D:D,Database!A:A,K90) -> 10 | N90: =SUMIFS(Database!B:B,Database!A:A,K90) + SUMIFS(Database!E:E,Database!A:A,K90) -> 10 | P90: =SUMIFS(Database!B:B,Database!A:A,K90) + SUMIFS(Database!F:F,Database!A:A,K90) -> 10 | Q90: =AVERAGE(L33,M33,N33) -> 16.666667
A91: Roman | B91: olympiade_8 | C91: 60 | D91: 90 | E91: 80 | F91: 90
A92: Carl | B92: olympiade_8 | C92: 60 | D92: 90 | E92: 80 | F92: 90
A93: Siggi | B93: olympiade_8 | C93: 80 | D93: 60 | E93: 50 | F93: 80
A94: Jonas | B94: olympiade_8 | C94: 80 | D94: 60 | E94: 50 | F94: 80
A95: Elias | B95: olympiade_8 | C95: 90 | D95: 80 | E95: 10 | F95: 70
A96: Mo | B96: olympiade_8 | C96: 90 | D96: 80 | E96: 10 | F96: 70
A97: Jannes | B97: olympiade_8 | C97: 50 | D97: 40 | E97: 90 | F97: 70
A98: Fabian | B98: olympiade_8 | C98: 50 | D98: 40 | E98: 90 | F98: 70
A99: Luisa | B99: olympiade_8 | C99: 20 | D99: 70 | E99: 60 | F99: 50
A100: Jason | B100: olympiade_8 | C100: 20 | D100: 70 | E100: 60 | F100: 50
...

Sheet Platzierungen alle Olympiaden
C2: Spieleranzahl | E2: 4 | F2: 5 | G2: 5 | H2: 5 | I2: 8 | J2: 9 | K2: 8 | L2: 9
B3: Gesamtplatzierung | C3: Olympiade | D3: Teilgenommen | E3: 1 | F3: 2 | G3: 3 | H3: 4 | I3: 5 | J3: 6 | K3: 7 | L3: 8
B4: 1 | C4: Richard | D4: =COUNT(E4:K4) -> 7 | E4: 1 | F4: 2 | G4: 1 | H4: 1 | I4: 7 | J4: 6 | K4: 1
B5: 2 | C5: Jonas | D5: =COUNT(E5:K5) -> 7 | E5: 3 | F5: 4 | G5: 3 | H5: 2 | I5: 2 | J5: 4 | K5: 2
B6: 3 | C6: Till | D6: =COUNT(E6:K6) -> 4 | H6: 1 | I6: 2 | J6: 1 | K6: 4
B7: 4 | C7: Georg | D7: =COUNT(E7:K7) -> 5 | E7: 2 | F7: 1 | G7: 4 | I7: 1 | K7: 3
B8: 5 | C8: Hannah | D8: =COUNT(E8:K8) -> 6 | F8: 5 | G8: 1 | H8: 4 | I8: 1 | J8: 3 | K8: 8
B9: 6 | C9: Jannes | D9: =COUNT(E9:K9) -> 5 | F9: 1 | H9: 2 | I9: 6 | J9: 2 | K9: 6
B10: 7 | C10: Elias | D10: =COUNT(E10:K10) -> 3 | E10: 2 | I10: 5 | J10: 1
B11: 8 | C11: Bruno | D11: =COUNT(E11:K11) -> 4 | E11: 4 | G11: 4 | I11: 2 | K11: 5
B12: 9 | C12: Melli | D12: =COUNT(E12:K12) -> 4 | F12: 3 | G12: 5 | I12: 7 | K12: 3
B13: 10 | C13: Roman | D13: =COUNT(E13:K13) -> 3 | G13: 2 | I13: 6 | J13: 5
B14: 11 | C14: Robin | D14: =COUNT(E14:K14) -> 5 | F14: 4 | G14: 3 | H14: 5 | I14: 8 | J14: 6
B15: 12 | C15: Marc | D15: =COUNT(E15:K15) -> 2 | J15: 2 | K15: 6
B16: 13 | C16: Jason | D16: =COUNT(E16:K16) -> 2 | J16: 5 | K16: 4
B17: 14 | C17: Doro | D17: =COUNT(E17:K17) -> 2 | F17: 3 | J17: 4
B18: 15 | C18: Amelie | D18: =COUNT(E18:K18) -> 3 | I18: 5 | J18: 7 | K18: 8
B19: 16 | C19: Fabian | D19: =COUNT(E19:K19) -> 3 | F19: 5 | H19: 2 | J19: 7
B20: 17 | C20: Lorenz | D20: =COUNT(E20:K20) -> 3 | E20: 3 | G20: 2 | J20: 8
B21: 18 | C21: Matthias | D21: =COUNT(E21:K21) -> 2 | F21: 2 | H21: 2
B22: 19 | C22: Siggi | D22: =COUNT(E22:K22) -> 1 | K22: 1
B23: 20 | C23: Anton | D23: =COUNT(E23:K23) -> 3 | E23: 1 | G23: 5 | K23: 7
B24: 21 | C24: Anna | D24: =COUNT(E24:K24) -> 1 | I24: 2
B25: 22 | C25: Carl | D25: =COUNT(E25:K25) -> 1 | J25: 3
B26: 23 | C26: Theo | D26: =COUNT(E26:K26) -> 1 | K26: 2
B27: 24 | C27: Basti | D27: =COUNT(E27:K27) -> 2 | F27: 3 | H27: 4
B28: 25 | C28: Jochen | D28: =COUNT(E28:K28) -> 1 | I28: 4
B29: 26 | C29: Lina | D29: =COUNT(E29:K29) -> 1 | I29: 4
B30: 27 | C30: Oskar | D30: =COUNT(E30:K30) -> 2 | H30: 5 | K30: 5
B31: 28 | C31: Lukas | D31: =COUNT(E31:K31) -> 1 | J31: 8
B32: 29 | C32: Moritz | D32: =COUNT(E32:K32) -> 1 | K32: 7
B33: 30 | C33: Arthur | D33: =COUNT(E33:K33) -> 1 | J33: 9
B34: 31 | C34: Lena | D34: =COUNT(E34:K34) -> 1 | J34: 9
B35: 32 | C35: Mo | D35: =COUNT(E35:K35) -> 1 | E35: 4
B36: 33 | C36: Charlie | D36: =COUNT(E36:K36) -> 1 | I36: 8
